"date","Tasa objetivo","Inflación","Inflación esperada","Tasa real ex-ante","Tasa real ex-post"
2020-01-01,7.25,3.24,3.41,3.84,4.01
2020-01-02,7.25,3.24,3.41,3.84,4.01
2020-01-03,7.25,3.24,3.41,3.84,4.01
2020-01-04,7.25,3.24,3.41,3.84,4.01
2020-01-05,7.25,3.24,3.41,3.84,4.01
2020-01-06,7.25,3.24,3.41,3.84,4.01
2020-01-07,7.25,3.24,3.41,3.84,4.01
2020-01-08,7.25,3.24,3.41,3.84,4.01
2020-01-09,7.25,3.24,3.41,3.84,4.01
2020-01-10,7.25,3.24,3.41,3.84,4.01
2020-01-11,7.25,3.24,3.41,3.84,4.01
2020-01-12,7.25,3.24,3.41,3.84,4.01
2020-01-13,7.25,3.24,3.41,3.84,4.01
2020-01-14,7.25,3.24,3.41,3.84,4.01
2020-01-15,7.25,3.24,3.41,3.84,4.01
2020-01-16,7.25,3.24,3.41,3.84,4.01
2020-01-17,7.25,3.24,3.41,3.84,4.01
2020-01-18,7.25,3.24,3.41,3.84,4.01
2020-01-19,7.25,3.24,3.41,3.84,4.01
2020-01-20,7.25,3.24,3.41,3.84,4.01
2020-01-21,7.25,3.24,3.41,3.84,4.01
2020-01-22,7.25,3.24,3.41,3.84,4.01
2020-01-23,7.25,3.24,3.41,3.84,4.01
2020-01-24,7.25,3.24,3.41,3.84,4.01
2020-01-25,7.25,3.24,3.41,3.84,4.01
2020-01-26,7.25,3.24,3.41,3.84,4.01
2020-01-27,7.25,3.24,3.41,3.84,4.01
2020-01-28,7.25,3.24,3.41,3.84,4.01
2020-01-29,7.25,3.24,3.41,3.84,4.01
2020-01-30,7.25,3.24,3.41,3.84,4.01
2020-01-31,7.25,3.24,3.41,3.84,4.01
2020-02-01,7.25,3.7,3.45,3.8,3.55
2020-02-02,7.25,3.7,3.45,3.8,3.55
2020-02-03,7.25,3.7,3.45,3.8,3.55
2020-02-04,7.25,3.7,3.45,3.8,3.55
2020-02-05,7.25,3.7,3.45,3.8,3.55
2020-02-06,7.25,3.7,3.45,3.8,3.55
2020-02-07,7.25,3.7,3.45,3.8,3.55
2020-02-08,7.25,3.7,3.45,3.8,3.55
2020-02-09,7.25,3.7,3.45,3.8,3.55
2020-02-10,7.25,3.7,3.45,3.8,3.55
2020-02-11,7.25,3.7,3.45,3.8,3.55
2020-02-12,7.25,3.7,3.45,3.8,3.55
2020-02-13,7,3.7,3.45,3.55,3.3
2020-02-14,7,3.7,3.45,3.55,3.3
2020-02-15,7,3.7,3.45,3.55,3.3
2020-02-16,7,3.7,3.45,3.55,3.3
2020-02-17,7,3.7,3.45,3.55,3.3
2020-02-18,7,3.7,3.45,3.55,3.3
2020-02-19,7,3.7,3.45,3.55,3.3
2020-02-20,7,3.7,3.45,3.55,3.3
2020-02-21,7,3.7,3.45,3.55,3.3
2020-02-22,7,3.7,3.45,3.55,3.3
2020-02-23,7,3.7,3.45,3.55,3.3
2020-02-24,7,3.7,3.45,3.55,3.3
2020-02-25,7,3.7,3.45,3.55,3.3
2020-02-26,7,3.7,3.45,3.55,3.3
2020-02-27,7,3.7,3.45,3.55,3.3
2020-02-28,7,3.7,3.45,3.55,3.3
2020-02-29,7,3.7,3.45,3.55,3.3
2020-03-01,7,3.25,3.49,3.51,3.75
2020-03-02,7,3.25,3.49,3.51,3.75
2020-03-03,7,3.25,3.49,3.51,3.75
2020-03-04,7,3.25,3.49,3.51,3.75
2020-03-05,7,3.25,3.49,3.51,3.75
2020-03-06,7,3.25,3.49,3.51,3.75
2020-03-07,7,3.25,3.49,3.51,3.75
2020-03-08,7,3.25,3.49,3.51,3.75
2020-03-09,7,3.25,3.49,3.51,3.75
2020-03-10,7,3.25,3.49,3.51,3.75
2020-03-11,7,3.25,3.49,3.51,3.75
2020-03-12,7,3.25,3.49,3.51,3.75
2020-03-13,7,3.25,3.49,3.51,3.75
2020-03-14,7,3.25,3.49,3.51,3.75
2020-03-15,7,3.25,3.49,3.51,3.75
2020-03-16,7,3.25,3.49,3.51,3.75
2020-03-17,7,3.25,3.49,3.51,3.75
2020-03-18,7,3.25,3.49,3.51,3.75
2020-03-19,7,3.25,3.49,3.51,3.75
2020-03-20,6.5,3.25,3.49,3.01,3.25
2020-03-21,6.5,3.25,3.49,3.01,3.25
2020-03-22,6.5,3.25,3.49,3.01,3.25
2020-03-23,6.5,3.25,3.49,3.01,3.25
2020-03-24,6.5,3.25,3.49,3.01,3.25
2020-03-25,6.5,3.25,3.49,3.01,3.25
2020-03-26,6.5,3.25,3.49,3.01,3.25
2020-03-27,6.5,3.25,3.49,3.01,3.25
2020-03-28,6.5,3.25,3.49,3.01,3.25
2020-03-29,6.5,3.25,3.49,3.01,3.25
2020-03-30,6.5,3.25,3.49,3.01,3.25
2020-03-31,6.5,3.25,3.49,3.01,3.25
2020-04-01,6.5,2.15,3.63,2.87,4.35
2020-04-02,6.5,2.15,3.63,2.87,4.35
2020-04-03,6.5,2.15,3.63,2.87,4.35
2020-04-04,6.5,2.15,3.63,2.87,4.35
2020-04-05,6.5,2.15,3.63,2.87,4.35
2020-04-06,6.5,2.15,3.63,2.87,4.35
2020-04-07,6.5,2.15,3.63,2.87,4.35
2020-04-08,6.5,2.15,3.63,2.87,4.35
2020-04-09,6.5,2.15,3.63,2.87,4.35
2020-04-10,6.5,2.15,3.63,2.87,4.35
2020-04-11,6.5,2.15,3.63,2.87,4.35
2020-04-12,6.5,2.15,3.63,2.87,4.35
2020-04-13,6.5,2.15,3.63,2.87,4.35
2020-04-14,6.5,2.15,3.63,2.87,4.35
2020-04-15,6.5,2.15,3.63,2.87,4.35
2020-04-16,6.5,2.15,3.63,2.87,4.35
2020-04-17,6.5,2.15,3.63,2.87,4.35
2020-04-18,6.5,2.15,3.63,2.87,4.35
2020-04-19,6.5,2.15,3.63,2.87,4.35
2020-04-20,6.5,2.15,3.63,2.87,4.35
2020-04-21,6,2.15,3.63,2.37,3.85
2020-04-22,6,2.15,3.63,2.37,3.85
2020-04-23,6,2.15,3.63,2.37,3.85
2020-04-24,6,2.15,3.63,2.37,3.85
2020-04-25,6,2.15,3.63,2.37,3.85
2020-04-26,6,2.15,3.63,2.37,3.85
2020-04-27,6,2.15,3.63,2.37,3.85
2020-04-28,6,2.15,3.63,2.37,3.85
2020-04-29,6,2.15,3.63,2.37,3.85
2020-04-30,6,2.15,3.63,2.37,3.85
2020-05-01,6,2.84,3.47,2.53,3.16
2020-05-02,6,2.84,3.47,2.53,3.16
2020-05-03,6,2.84,3.47,2.53,3.16
2020-05-04,6,2.84,3.47,2.53,3.16
2020-05-05,6,2.84,3.47,2.53,3.16
2020-05-06,6,2.84,3.47,2.53,3.16
2020-05-07,6,2.84,3.47,2.53,3.16
2020-05-08,6,2.84,3.47,2.53,3.16
2020-05-09,6,2.84,3.47,2.53,3.16
2020-05-10,6,2.84,3.47,2.53,3.16
2020-05-11,6,2.84,3.47,2.53,3.16
2020-05-12,6,2.84,3.47,2.53,3.16
2020-05-13,6,2.84,3.47,2.53,3.16
2020-05-14,5.5,2.84,3.47,2.03,2.66
2020-05-15,5.5,2.84,3.47,2.03,2.66
2020-05-16,5.5,2.84,3.47,2.03,2.66
2020-05-17,5.5,2.84,3.47,2.03,2.66
2020-05-18,5.5,2.84,3.47,2.03,2.66
2020-05-19,5.5,2.84,3.47,2.03,2.66
2020-05-20,5.5,2.84,3.47,2.03,2.66
2020-05-21,5.5,2.84,3.47,2.03,2.66
2020-05-22,5.5,2.84,3.47,2.03,2.66
2020-05-23,5.5,2.84,3.47,2.03,2.66
2020-05-24,5.5,2.84,3.47,2.03,2.66
2020-05-25,5.5,2.84,3.47,2.03,2.66
2020-05-26,5.5,2.84,3.47,2.03,2.66
2020-05-27,5.5,2.84,3.47,2.03,2.66
2020-05-28,5.5,2.84,3.47,2.03,2.66
2020-05-29,5.5,2.84,3.47,2.03,2.66
2020-05-30,5.5,2.84,3.47,2.03,2.66
2020-05-31,5.5,2.84,3.47,2.03,2.66
2020-06-01,5.5,3.33,3.56,1.94,2.17
2020-06-02,5.5,3.33,3.56,1.94,2.17
2020-06-03,5.5,3.33,3.56,1.94,2.17
2020-06-04,5.5,3.33,3.56,1.94,2.17
2020-06-05,5.5,3.33,3.56,1.94,2.17
2020-06-06,5.5,3.33,3.56,1.94,2.17
2020-06-07,5.5,3.33,3.56,1.94,2.17
2020-06-08,5.5,3.33,3.56,1.94,2.17
2020-06-09,5.5,3.33,3.56,1.94,2.17
2020-06-10,5.5,3.33,3.56,1.94,2.17
2020-06-11,5.5,3.33,3.56,1.94,2.17
2020-06-12,5.5,3.33,3.56,1.94,2.17
2020-06-13,5.5,3.33,3.56,1.94,2.17
2020-06-14,5.5,3.33,3.56,1.94,2.17
2020-06-15,5.5,3.33,3.56,1.94,2.17
2020-06-16,5.5,3.33,3.56,1.94,2.17
2020-06-17,5.5,3.33,3.56,1.94,2.17
2020-06-18,5.5,3.33,3.56,1.94,2.17
2020-06-19,5.5,3.33,3.56,1.94,2.17
2020-06-20,5.5,3.33,3.56,1.94,2.17
2020-06-21,5.5,3.33,3.56,1.94,2.17
2020-06-22,5.5,3.33,3.56,1.94,2.17
2020-06-23,5.5,3.33,3.56,1.94,2.17
2020-06-24,5.5,3.33,3.56,1.94,2.17
2020-06-25,5,3.33,3.56,1.44,1.67
2020-06-26,5,3.33,3.56,1.44,1.67
2020-06-27,5,3.33,3.56,1.44,1.67
2020-06-28,5,3.33,3.56,1.44,1.67
2020-06-29,5,3.33,3.56,1.44,1.67
2020-06-30,5,3.33,3.56,1.44,1.67
2020-07-01,5,3.62,3.49,1.51,1.38
2020-07-02,5,3.62,3.49,1.51,1.38
2020-07-03,5,3.62,3.49,1.51,1.38
2020-07-04,5,3.62,3.49,1.51,1.38
2020-07-05,5,3.62,3.49,1.51,1.38
2020-07-06,5,3.62,3.49,1.51,1.38
2020-07-07,5,3.62,3.49,1.51,1.38
2020-07-08,5,3.62,3.49,1.51,1.38
2020-07-09,5,3.62,3.49,1.51,1.38
2020-07-10,5,3.62,3.49,1.51,1.38
2020-07-11,5,3.62,3.49,1.51,1.38
2020-07-12,5,3.62,3.49,1.51,1.38
2020-07-13,5,3.62,3.49,1.51,1.38
2020-07-14,5,3.62,3.49,1.51,1.38
2020-07-15,5,3.62,3.49,1.51,1.38
2020-07-16,5,3.62,3.49,1.51,1.38
2020-07-17,5,3.62,3.49,1.51,1.38
2020-07-18,5,3.62,3.49,1.51,1.38
2020-07-19,5,3.62,3.49,1.51,1.38
2020-07-20,5,3.62,3.49,1.51,1.38
2020-07-21,5,3.62,3.49,1.51,1.38
2020-07-22,5,3.62,3.49,1.51,1.38
2020-07-23,5,3.62,3.49,1.51,1.38
2020-07-24,5,3.62,3.49,1.51,1.38
2020-07-25,5,3.62,3.49,1.51,1.38
2020-07-26,5,3.62,3.49,1.51,1.38
2020-07-27,5,3.62,3.49,1.51,1.38
2020-07-28,5,3.62,3.49,1.51,1.38
2020-07-29,5,3.62,3.49,1.51,1.38
2020-07-30,5,3.62,3.49,1.51,1.38
2020-07-31,5,3.62,3.49,1.51,1.38
2020-08-01,5,4.05,3.54,1.46,0.95
2020-08-02,5,4.05,3.54,1.46,0.95
2020-08-03,5,4.05,3.54,1.46,0.95
2020-08-04,5,4.05,3.54,1.46,0.95
2020-08-05,5,4.05,3.54,1.46,0.95
2020-08-06,5,4.05,3.54,1.46,0.95
2020-08-07,5,4.05,3.54,1.46,0.95
2020-08-08,5,4.05,3.54,1.46,0.95
2020-08-09,5,4.05,3.54,1.46,0.95
2020-08-10,5,4.05,3.54,1.46,0.95
2020-08-11,5,4.05,3.54,1.46,0.95
2020-08-12,5,4.05,3.54,1.46,0.95
2020-08-13,5,4.05,3.54,1.46,0.95
2020-08-14,4.5,4.05,3.54,0.96,0.45
2020-08-15,4.5,4.05,3.54,0.96,0.45
2020-08-16,4.5,4.05,3.54,0.96,0.45
2020-08-17,4.5,4.05,3.54,0.96,0.45
2020-08-18,4.5,4.05,3.54,0.96,0.45
2020-08-19,4.5,4.05,3.54,0.96,0.45
2020-08-20,4.5,4.05,3.54,0.96,0.45
2020-08-21,4.5,4.05,3.54,0.96,0.45
2020-08-22,4.5,4.05,3.54,0.96,0.45
2020-08-23,4.5,4.05,3.54,0.96,0.45
2020-08-24,4.5,4.05,3.54,0.96,0.45
2020-08-25,4.5,4.05,3.54,0.96,0.45
2020-08-26,4.5,4.05,3.54,0.96,0.45
2020-08-27,4.5,4.05,3.54,0.96,0.45
2020-08-28,4.5,4.05,3.54,0.96,0.45
2020-08-29,4.5,4.05,3.54,0.96,0.45
2020-08-30,4.5,4.05,3.54,0.96,0.45
2020-08-31,4.5,4.05,3.54,0.96,0.45
2020-09-01,4.5,4.01,3.59,0.91,0.49
2020-09-02,4.5,4.01,3.59,0.91,0.49
2020-09-03,4.5,4.01,3.59,0.91,0.49
2020-09-04,4.5,4.01,3.59,0.91,0.49
2020-09-05,4.5,4.01,3.59,0.91,0.49
2020-09-06,4.5,4.01,3.59,0.91,0.49
2020-09-07,4.5,4.01,3.59,0.91,0.49
2020-09-08,4.5,4.01,3.59,0.91,0.49
2020-09-09,4.5,4.01,3.59,0.91,0.49
2020-09-10,4.5,4.01,3.59,0.91,0.49
2020-09-11,4.5,4.01,3.59,0.91,0.49
2020-09-12,4.5,4.01,3.59,0.91,0.49
2020-09-13,4.5,4.01,3.59,0.91,0.49
2020-09-14,4.5,4.01,3.59,0.91,0.49
2020-09-15,4.5,4.01,3.59,0.91,0.49
2020-09-16,4.5,4.01,3.59,0.91,0.49
2020-09-17,4.5,4.01,3.59,0.91,0.49
2020-09-18,4.5,4.01,3.59,0.91,0.49
2020-09-19,4.5,4.01,3.59,0.91,0.49
2020-09-20,4.5,4.01,3.59,0.91,0.49
2020-09-21,4.5,4.01,3.59,0.91,0.49
2020-09-22,4.5,4.01,3.59,0.91,0.49
2020-09-23,4.5,4.01,3.59,0.91,0.49
2020-09-24,4.5,4.01,3.59,0.91,0.49
2020-09-25,4.25,4.01,3.59,0.66,0.24
2020-09-26,4.25,4.01,3.59,0.66,0.24
2020-09-27,4.25,4.01,3.59,0.66,0.24
2020-09-28,4.25,4.01,3.59,0.66,0.24
2020-09-29,4.25,4.01,3.59,0.66,0.24
2020-09-30,4.25,4.01,3.59,0.66,0.24
2020-10-01,4.25,4.09,3.61,0.64,0.16
2020-10-02,4.25,4.09,3.61,0.64,0.16
2020-10-03,4.25,4.09,3.61,0.64,0.16
2020-10-04,4.25,4.09,3.61,0.64,0.16
2020-10-05,4.25,4.09,3.61,0.64,0.16
2020-10-06,4.25,4.09,3.61,0.64,0.16
2020-10-07,4.25,4.09,3.61,0.64,0.16
2020-10-08,4.25,4.09,3.61,0.64,0.16
2020-10-09,4.25,4.09,3.61,0.64,0.16
2020-10-10,4.25,4.09,3.61,0.64,0.16
2020-10-11,4.25,4.09,3.61,0.64,0.16
2020-10-12,4.25,4.09,3.61,0.64,0.16
2020-10-13,4.25,4.09,3.61,0.64,0.16
2020-10-14,4.25,4.09,3.61,0.64,0.16
2020-10-15,4.25,4.09,3.61,0.64,0.16
2020-10-16,4.25,4.09,3.61,0.64,0.16
2020-10-17,4.25,4.09,3.61,0.64,0.16
2020-10-18,4.25,4.09,3.61,0.64,0.16
2020-10-19,4.25,4.09,3.61,0.64,0.16
2020-10-20,4.25,4.09,3.61,0.64,0.16
2020-10-21,4.25,4.09,3.61,0.64,0.16
2020-10-22,4.25,4.09,3.61,0.64,0.16
2020-10-23,4.25,4.09,3.61,0.64,0.16
2020-10-24,4.25,4.09,3.61,0.64,0.16
2020-10-25,4.25,4.09,3.61,0.64,0.16
2020-10-26,4.25,4.09,3.61,0.64,0.16
2020-10-27,4.25,4.09,3.61,0.64,0.16
2020-10-28,4.25,4.09,3.61,0.64,0.16
2020-10-29,4.25,4.09,3.61,0.64,0.16
2020-10-30,4.25,4.09,3.61,0.64,0.16
2020-10-31,4.25,4.09,3.61,0.64,0.16
2020-11-01,4.25,3.33,3.74,0.51,0.92
2020-11-02,4.25,3.33,3.74,0.51,0.92
2020-11-03,4.25,3.33,3.74,0.51,0.92
2020-11-04,4.25,3.33,3.74,0.51,0.92
2020-11-05,4.25,3.33,3.74,0.51,0.92
2020-11-06,4.25,3.33,3.74,0.51,0.92
2020-11-07,4.25,3.33,3.74,0.51,0.92
2020-11-08,4.25,3.33,3.74,0.51,0.92
2020-11-09,4.25,3.33,3.74,0.51,0.92
2020-11-10,4.25,3.33,3.74,0.51,0.92
2020-11-11,4.25,3.33,3.74,0.51,0.92
2020-11-12,4.25,3.33,3.74,0.51,0.92
2020-11-13,4.25,3.33,3.74,0.51,0.92
2020-11-14,4.25,3.33,3.74,0.51,0.92
2020-11-15,4.25,3.33,3.74,0.51,0.92
2020-11-16,4.25,3.33,3.74,0.51,0.92
2020-11-17,4.25,3.33,3.74,0.51,0.92
2020-11-18,4.25,3.33,3.74,0.51,0.92
2020-11-19,4.25,3.33,3.74,0.51,0.92
2020-11-20,4.25,3.33,3.74,0.51,0.92
2020-11-21,4.25,3.33,3.74,0.51,0.92
2020-11-22,4.25,3.33,3.74,0.51,0.92
2020-11-23,4.25,3.33,3.74,0.51,0.92
2020-11-24,4.25,3.33,3.74,0.51,0.92
2020-11-25,4.25,3.33,3.74,0.51,0.92
2020-11-26,4.25,3.33,3.74,0.51,0.92
2020-11-27,4.25,3.33,3.74,0.51,0.92
2020-11-28,4.25,3.33,3.74,0.51,0.92
2020-11-29,4.25,3.33,3.74,0.51,0.92
2020-11-30,4.25,3.33,3.74,0.51,0.92
2020-12-01,4.25,3.15,3.74,0.51,1.1
2020-12-02,4.25,3.15,3.74,0.51,1.1
2020-12-03,4.25,3.15,3.74,0.51,1.1
2020-12-04,4.25,3.15,3.74,0.51,1.1
2020-12-05,4.25,3.15,3.74,0.51,1.1
2020-12-06,4.25,3.15,3.74,0.51,1.1
2020-12-07,4.25,3.15,3.74,0.51,1.1
2020-12-08,4.25,3.15,3.74,0.51,1.1
2020-12-09,4.25,3.15,3.74,0.51,1.1
2020-12-10,4.25,3.15,3.74,0.51,1.1
2020-12-11,4.25,3.15,3.74,0.51,1.1
2020-12-12,4.25,3.15,3.74,0.51,1.1
2020-12-13,4.25,3.15,3.74,0.51,1.1
2020-12-14,4.25,3.15,3.74,0.51,1.1
2020-12-15,4.25,3.15,3.74,0.51,1.1
2020-12-16,4.25,3.15,3.74,0.51,1.1
2020-12-17,4.25,3.15,3.74,0.51,1.1
2020-12-18,4.25,3.15,3.74,0.51,1.1
2020-12-19,4.25,3.15,3.74,0.51,1.1
2020-12-20,4.25,3.15,3.74,0.51,1.1
2020-12-21,4.25,3.15,3.74,0.51,1.1
2020-12-22,4.25,3.15,3.74,0.51,1.1
2020-12-23,4.25,3.15,3.74,0.51,1.1
2020-12-24,4.25,3.15,3.74,0.51,1.1
2020-12-25,4.25,3.15,3.74,0.51,1.1
2020-12-26,4.25,3.15,3.74,0.51,1.1
2020-12-27,4.25,3.15,3.74,0.51,1.1
2020-12-28,4.25,3.15,3.74,0.51,1.1
2020-12-29,4.25,3.15,3.74,0.51,1.1
2020-12-30,4.25,3.15,3.74,0.51,1.1
2020-12-31,4.25,3.15,3.74,0.51,1.1
2021-01-01,4.25,3.54,3.52,0.73,0.71
2021-01-02,4.25,3.54,3.52,0.73,0.71
2021-01-03,4.25,3.54,3.52,0.73,0.71
2021-01-04,4.25,3.54,3.52,0.73,0.71
2021-01-05,4.25,3.54,3.52,0.73,0.71
2021-01-06,4.25,3.54,3.52,0.73,0.71
2021-01-07,4.25,3.54,3.52,0.73,0.71
2021-01-08,4.25,3.54,3.52,0.73,0.71
2021-01-09,4.25,3.54,3.52,0.73,0.71
2021-01-10,4.25,3.54,3.52,0.73,0.71
2021-01-11,4.25,3.54,3.52,0.73,0.71
2021-01-12,4.25,3.54,3.52,0.73,0.71
2021-01-13,4.25,3.54,3.52,0.73,0.71
2021-01-14,4.25,3.54,3.52,0.73,0.71
2021-01-15,4.25,3.54,3.52,0.73,0.71
2021-01-16,4.25,3.54,3.52,0.73,0.71
2021-01-17,4.25,3.54,3.52,0.73,0.71
2021-01-18,4.25,3.54,3.52,0.73,0.71
2021-01-19,4.25,3.54,3.52,0.73,0.71
2021-01-20,4.25,3.54,3.52,0.73,0.71
2021-01-21,4.25,3.54,3.52,0.73,0.71
2021-01-22,4.25,3.54,3.52,0.73,0.71
2021-01-23,4.25,3.54,3.52,0.73,0.71
2021-01-24,4.25,3.54,3.52,0.73,0.71
2021-01-25,4.25,3.54,3.52,0.73,0.71
2021-01-26,4.25,3.54,3.52,0.73,0.71
2021-01-27,4.25,3.54,3.52,0.73,0.71
2021-01-28,4.25,3.54,3.52,0.73,0.71
2021-01-29,4.25,3.54,3.52,0.73,0.71
2021-01-30,4.25,3.54,3.52,0.73,0.71
2021-01-31,4.25,3.54,3.52,0.73,0.71
2021-02-01,4.25,3.76,3.32,0.93,0.49
2021-02-02,4.25,3.76,3.32,0.93,0.49
2021-02-03,4.25,3.76,3.32,0.93,0.49
2021-02-04,4.25,3.76,3.32,0.93,0.49
2021-02-05,4.25,3.76,3.32,0.93,0.49
2021-02-06,4.25,3.76,3.32,0.93,0.49
2021-02-07,4.25,3.76,3.32,0.93,0.49
2021-02-08,4.25,3.76,3.32,0.93,0.49
2021-02-09,4.25,3.76,3.32,0.93,0.49
2021-02-10,4.25,3.76,3.32,0.93,0.49
2021-02-11,4.25,3.76,3.32,0.93,0.49
2021-02-12,4,3.76,3.32,0.68,0.24
2021-02-13,4,3.76,3.32,0.68,0.24
2021-02-14,4,3.76,3.32,0.68,0.24
2021-02-15,4,3.76,3.32,0.68,0.24
2021-02-16,4,3.76,3.32,0.68,0.24
2021-02-17,4,3.76,3.32,0.68,0.24
2021-02-18,4,3.76,3.32,0.68,0.24
2021-02-19,4,3.76,3.32,0.68,0.24
2021-02-20,4,3.76,3.32,0.68,0.24
2021-02-21,4,3.76,3.32,0.68,0.24
2021-02-22,4,3.76,3.32,0.68,0.24
2021-02-23,4,3.76,3.32,0.68,0.24
2021-02-24,4,3.76,3.32,0.68,0.24
2021-02-25,4,3.76,3.32,0.68,0.24
2021-02-26,4,3.76,3.32,0.68,0.24
2021-02-27,4,3.76,3.32,0.68,0.24
2021-02-28,4,3.76,3.32,0.68,0.24
2021-03-01,4,4.67,3.22,0.78,-0.67
2021-03-02,4,4.67,3.22,0.78,-0.67
2021-03-03,4,4.67,3.22,0.78,-0.67
2021-03-04,4,4.67,3.22,0.78,-0.67
2021-03-05,4,4.67,3.22,0.78,-0.67
2021-03-06,4,4.67,3.22,0.78,-0.67
2021-03-07,4,4.67,3.22,0.78,-0.67
2021-03-08,4,4.67,3.22,0.78,-0.67
2021-03-09,4,4.67,3.22,0.78,-0.67
2021-03-10,4,4.67,3.22,0.78,-0.67
2021-03-11,4,4.67,3.22,0.78,-0.67
2021-03-12,4,4.67,3.22,0.78,-0.67
2021-03-13,4,4.67,3.22,0.78,-0.67
2021-03-14,4,4.67,3.22,0.78,-0.67
2021-03-15,4,4.67,3.22,0.78,-0.67
2021-03-16,4,4.67,3.22,0.78,-0.67
2021-03-17,4,4.67,3.22,0.78,-0.67
2021-03-18,4,4.67,3.22,0.78,-0.67
2021-03-19,4,4.67,3.22,0.78,-0.67
2021-03-20,4,4.67,3.22,0.78,-0.67
2021-03-21,4,4.67,3.22,0.78,-0.67
2021-03-22,4,4.67,3.22,0.78,-0.67
2021-03-23,4,4.67,3.22,0.78,-0.67
2021-03-24,4,4.67,3.22,0.78,-0.67
2021-03-25,4,4.67,3.22,0.78,-0.67
2021-03-26,4,4.67,3.22,0.78,-0.67
2021-03-27,4,4.67,3.22,0.78,-0.67
2021-03-28,4,4.67,3.22,0.78,-0.67
2021-03-29,4,4.67,3.22,0.78,-0.67
2021-03-30,4,4.67,3.22,0.78,-0.67
2021-03-31,4,4.67,3.22,0.78,-0.67
2021-04-01,4,6.08,3.18,0.82,-2.08
2021-04-02,4,6.08,3.18,0.82,-2.08
2021-04-03,4,6.08,3.18,0.82,-2.08
2021-04-04,4,6.08,3.18,0.82,-2.08
2021-04-05,4,6.08,3.18,0.82,-2.08
2021-04-06,4,6.08,3.18,0.82,-2.08
2021-04-07,4,6.08,3.18,0.82,-2.08
2021-04-08,4,6.08,3.18,0.82,-2.08
2021-04-09,4,6.08,3.18,0.82,-2.08
2021-04-10,4,6.08,3.18,0.82,-2.08
2021-04-11,4,6.08,3.18,0.82,-2.08
2021-04-12,4,6.08,3.18,0.82,-2.08
2021-04-13,4,6.08,3.18,0.82,-2.08
2021-04-14,4,6.08,3.18,0.82,-2.08
2021-04-15,4,6.08,3.18,0.82,-2.08
2021-04-16,4,6.08,3.18,0.82,-2.08
2021-04-17,4,6.08,3.18,0.82,-2.08
2021-04-18,4,6.08,3.18,0.82,-2.08
2021-04-19,4,6.08,3.18,0.82,-2.08
2021-04-20,4,6.08,3.18,0.82,-2.08
2021-04-21,4,6.08,3.18,0.82,-2.08
2021-04-22,4,6.08,3.18,0.82,-2.08
2021-04-23,4,6.08,3.18,0.82,-2.08
2021-04-24,4,6.08,3.18,0.82,-2.08
2021-04-25,4,6.08,3.18,0.82,-2.08
2021-04-26,4,6.08,3.18,0.82,-2.08
2021-04-27,4,6.08,3.18,0.82,-2.08
2021-04-28,4,6.08,3.18,0.82,-2.08
2021-04-29,4,6.08,3.18,0.82,-2.08
2021-04-30,4,6.08,3.18,0.82,-2.08
2021-05-01,4,5.89,3.25,0.75,-1.89
2021-05-02,4,5.89,3.25,0.75,-1.89
2021-05-03,4,5.89,3.25,0.75,-1.89
2021-05-04,4,5.89,3.25,0.75,-1.89
2021-05-05,4,5.89,3.25,0.75,-1.89
2021-05-06,4,5.89,3.25,0.75,-1.89
2021-05-07,4,5.89,3.25,0.75,-1.89
2021-05-08,4,5.89,3.25,0.75,-1.89
2021-05-09,4,5.89,3.25,0.75,-1.89
2021-05-10,4,5.89,3.25,0.75,-1.89
2021-05-11,4,5.89,3.25,0.75,-1.89
2021-05-12,4,5.89,3.25,0.75,-1.89
2021-05-13,4,5.89,3.25,0.75,-1.89
2021-05-14,4,5.89,3.25,0.75,-1.89
2021-05-15,4,5.89,3.25,0.75,-1.89
2021-05-16,4,5.89,3.25,0.75,-1.89
2021-05-17,4,5.89,3.25,0.75,-1.89
2021-05-18,4,5.89,3.25,0.75,-1.89
2021-05-19,4,5.89,3.25,0.75,-1.89
2021-05-20,4,5.89,3.25,0.75,-1.89
2021-05-21,4,5.89,3.25,0.75,-1.89
2021-05-22,4,5.89,3.25,0.75,-1.89
2021-05-23,4,5.89,3.25,0.75,-1.89
2021-05-24,4,5.89,3.25,0.75,-1.89
2021-05-25,4,5.89,3.25,0.75,-1.89
2021-05-26,4,5.89,3.25,0.75,-1.89
2021-05-27,4,5.89,3.25,0.75,-1.89
2021-05-28,4,5.89,3.25,0.75,-1.89
2021-05-29,4,5.89,3.25,0.75,-1.89
2021-05-30,4,5.89,3.25,0.75,-1.89
2021-05-31,4,5.89,3.25,0.75,-1.89
2021-06-01,4,5.88,3.37,0.63,-1.88
2021-06-02,4,5.88,3.37,0.63,-1.88
2021-06-03,4,5.88,3.37,0.63,-1.88
2021-06-04,4,5.88,3.37,0.63,-1.88
2021-06-05,4,5.88,3.37,0.63,-1.88
2021-06-06,4,5.88,3.37,0.63,-1.88
2021-06-07,4,5.88,3.37,0.63,-1.88
2021-06-08,4,5.88,3.37,0.63,-1.88
2021-06-09,4,5.88,3.37,0.63,-1.88
2021-06-10,4,5.88,3.37,0.63,-1.88
2021-06-11,4,5.88,3.37,0.63,-1.88
2021-06-12,4,5.88,3.37,0.63,-1.88
2021-06-13,4,5.88,3.37,0.63,-1.88
2021-06-14,4,5.88,3.37,0.63,-1.88
2021-06-15,4,5.88,3.37,0.63,-1.88
2021-06-16,4,5.88,3.37,0.63,-1.88
2021-06-17,4,5.88,3.37,0.63,-1.88
2021-06-18,4,5.88,3.37,0.63,-1.88
2021-06-19,4,5.88,3.37,0.63,-1.88
2021-06-20,4,5.88,3.37,0.63,-1.88
2021-06-21,4,5.88,3.37,0.63,-1.88
2021-06-22,4,5.88,3.37,0.63,-1.88
2021-06-23,4,5.88,3.37,0.63,-1.88
2021-06-24,4,5.88,3.37,0.63,-1.88
2021-06-25,4.25,5.88,3.37,0.88,-1.63
2021-06-26,4.25,5.88,3.37,0.88,-1.63
2021-06-27,4.25,5.88,3.37,0.88,-1.63
2021-06-28,4.25,5.88,3.37,0.88,-1.63
2021-06-29,4.25,5.88,3.37,0.88,-1.63
2021-06-30,4.25,5.88,3.37,0.88,-1.63
2021-07-01,4.25,5.81,3.49,0.76,-1.56
2021-07-02,4.25,5.81,3.49,0.76,-1.56
2021-07-03,4.25,5.81,3.49,0.76,-1.56
2021-07-04,4.25,5.81,3.49,0.76,-1.56
2021-07-05,4.25,5.81,3.49,0.76,-1.56
2021-07-06,4.25,5.81,3.49,0.76,-1.56
2021-07-07,4.25,5.81,3.49,0.76,-1.56
2021-07-08,4.25,5.81,3.49,0.76,-1.56
2021-07-09,4.25,5.81,3.49,0.76,-1.56
2021-07-10,4.25,5.81,3.49,0.76,-1.56
2021-07-11,4.25,5.81,3.49,0.76,-1.56
2021-07-12,4.25,5.81,3.49,0.76,-1.56
2021-07-13,4.25,5.81,3.49,0.76,-1.56
2021-07-14,4.25,5.81,3.49,0.76,-1.56
2021-07-15,4.25,5.81,3.49,0.76,-1.56
2021-07-16,4.25,5.81,3.49,0.76,-1.56
2021-07-17,4.25,5.81,3.49,0.76,-1.56
2021-07-18,4.25,5.81,3.49,0.76,-1.56
2021-07-19,4.25,5.81,3.49,0.76,-1.56
2021-07-20,4.25,5.81,3.49,0.76,-1.56
2021-07-21,4.25,5.81,3.49,0.76,-1.56
2021-07-22,4.25,5.81,3.49,0.76,-1.56
2021-07-23,4.25,5.81,3.49,0.76,-1.56
2021-07-24,4.25,5.81,3.49,0.76,-1.56
2021-07-25,4.25,5.81,3.49,0.76,-1.56
2021-07-26,4.25,5.81,3.49,0.76,-1.56
2021-07-27,4.25,5.81,3.49,0.76,-1.56
2021-07-28,4.25,5.81,3.49,0.76,-1.56
2021-07-29,4.25,5.81,3.49,0.76,-1.56
2021-07-30,4.25,5.81,3.49,0.76,-1.56
2021-07-31,4.25,5.81,3.49,0.76,-1.56
2021-08-01,4.25,5.59,3.69,0.56,-1.34
2021-08-02,4.25,5.59,3.69,0.56,-1.34
2021-08-03,4.25,5.59,3.69,0.56,-1.34
2021-08-04,4.25,5.59,3.69,0.56,-1.34
2021-08-05,4.25,5.59,3.69,0.56,-1.34
2021-08-06,4.25,5.59,3.69,0.56,-1.34
2021-08-07,4.25,5.59,3.69,0.56,-1.34
2021-08-08,4.25,5.59,3.69,0.56,-1.34
2021-08-09,4.25,5.59,3.69,0.56,-1.34
2021-08-10,4.25,5.59,3.69,0.56,-1.34
2021-08-11,4.25,5.59,3.69,0.56,-1.34
2021-08-12,4.25,5.59,3.69,0.56,-1.34
2021-08-13,4.5,5.59,3.69,0.81,-1.09
2021-08-14,4.5,5.59,3.69,0.81,-1.09
2021-08-15,4.5,5.59,3.69,0.81,-1.09
2021-08-16,4.5,5.59,3.69,0.81,-1.09
2021-08-17,4.5,5.59,3.69,0.81,-1.09
2021-08-18,4.5,5.59,3.69,0.81,-1.09
2021-08-19,4.5,5.59,3.69,0.81,-1.09
2021-08-20,4.5,5.59,3.69,0.81,-1.09
2021-08-21,4.5,5.59,3.69,0.81,-1.09
2021-08-22,4.5,5.59,3.69,0.81,-1.09
2021-08-23,4.5,5.59,3.69,0.81,-1.09
2021-08-24,4.5,5.59,3.69,0.81,-1.09
2021-08-25,4.5,5.59,3.69,0.81,-1.09
2021-08-26,4.5,5.59,3.69,0.81,-1.09
2021-08-27,4.5,5.59,3.69,0.81,-1.09
2021-08-28,4.5,5.59,3.69,0.81,-1.09
2021-08-29,4.5,5.59,3.69,0.81,-1.09
2021-08-30,4.5,5.59,3.69,0.81,-1.09
2021-08-31,4.5,5.59,3.69,0.81,-1.09
2021-09-01,4.5,6,3.72,0.78,-1.5
2021-09-02,4.5,6,3.72,0.78,-1.5
2021-09-03,4.5,6,3.72,0.78,-1.5
2021-09-04,4.5,6,3.72,0.78,-1.5
2021-09-05,4.5,6,3.72,0.78,-1.5
2021-09-06,4.5,6,3.72,0.78,-1.5
2021-09-07,4.5,6,3.72,0.78,-1.5
2021-09-08,4.5,6,3.72,0.78,-1.5
2021-09-09,4.5,6,3.72,0.78,-1.5
2021-09-10,4.5,6,3.72,0.78,-1.5
2021-09-11,4.5,6,3.72,0.78,-1.5
2021-09-12,4.5,6,3.72,0.78,-1.5
2021-09-13,4.5,6,3.72,0.78,-1.5
2021-09-14,4.5,6,3.72,0.78,-1.5
2021-09-15,4.5,6,3.72,0.78,-1.5
2021-09-16,4.5,6,3.72,0.78,-1.5
2021-09-17,4.5,6,3.72,0.78,-1.5
2021-09-18,4.5,6,3.72,0.78,-1.5
2021-09-19,4.5,6,3.72,0.78,-1.5
2021-09-20,4.5,6,3.72,0.78,-1.5
2021-09-21,4.5,6,3.72,0.78,-1.5
2021-09-22,4.5,6,3.72,0.78,-1.5
2021-09-23,4.5,6,3.72,0.78,-1.5
2021-09-24,4.5,6,3.72,0.78,-1.5
2021-09-25,4.5,6,3.72,0.78,-1.5
2021-09-26,4.5,6,3.72,0.78,-1.5
2021-09-27,4.5,6,3.72,0.78,-1.5
2021-09-28,4.5,6,3.72,0.78,-1.5
2021-09-29,4.5,6,3.72,0.78,-1.5
2021-09-30,4.5,6,3.72,0.78,-1.5
2021-10-01,4.75,6.24,3.84,0.91,-1.49
2021-10-02,4.75,6.24,3.84,0.91,-1.49
2021-10-03,4.75,6.24,3.84,0.91,-1.49
2021-10-04,4.75,6.24,3.84,0.91,-1.49
2021-10-05,4.75,6.24,3.84,0.91,-1.49
2021-10-06,4.75,6.24,3.84,0.91,-1.49
2021-10-07,4.75,6.24,3.84,0.91,-1.49
2021-10-08,4.75,6.24,3.84,0.91,-1.49
2021-10-09,4.75,6.24,3.84,0.91,-1.49
2021-10-10,4.75,6.24,3.84,0.91,-1.49
2021-10-11,4.75,6.24,3.84,0.91,-1.49
2021-10-12,4.75,6.24,3.84,0.91,-1.49
2021-10-13,4.75,6.24,3.84,0.91,-1.49
2021-10-14,4.75,6.24,3.84,0.91,-1.49
2021-10-15,4.75,6.24,3.84,0.91,-1.49
2021-10-16,4.75,6.24,3.84,0.91,-1.49
2021-10-17,4.75,6.24,3.84,0.91,-1.49
2021-10-18,4.75,6.24,3.84,0.91,-1.49
2021-10-19,4.75,6.24,3.84,0.91,-1.49
2021-10-20,4.75,6.24,3.84,0.91,-1.49
2021-10-21,4.75,6.24,3.84,0.91,-1.49
2021-10-22,4.75,6.24,3.84,0.91,-1.49
2021-10-23,4.75,6.24,3.84,0.91,-1.49
2021-10-24,4.75,6.24,3.84,0.91,-1.49
2021-10-25,4.75,6.24,3.84,0.91,-1.49
2021-10-26,4.75,6.24,3.84,0.91,-1.49
2021-10-27,4.75,6.24,3.84,0.91,-1.49
2021-10-28,4.75,6.24,3.84,0.91,-1.49
2021-10-29,4.75,6.24,3.84,0.91,-1.49
2021-10-30,4.75,6.24,3.84,0.91,-1.49
2021-10-31,4.75,6.24,3.84,0.91,-1.49
2021-11-01,4.75,7.37,4.11,0.64,-2.62
2021-11-02,4.75,7.37,4.11,0.64,-2.62
2021-11-03,4.75,7.37,4.11,0.64,-2.62
2021-11-04,4.75,7.37,4.11,0.64,-2.62
2021-11-05,4.75,7.37,4.11,0.64,-2.62
2021-11-06,4.75,7.37,4.11,0.64,-2.62
2021-11-07,4.75,7.37,4.11,0.64,-2.62
2021-11-08,4.75,7.37,4.11,0.64,-2.62
2021-11-09,4.75,7.37,4.11,0.64,-2.62
2021-11-10,4.75,7.37,4.11,0.64,-2.62
2021-11-11,4.75,7.37,4.11,0.64,-2.62
2021-11-12,5,7.37,4.11,0.89,-2.37
2021-11-13,5,7.37,4.11,0.89,-2.37
2021-11-14,5,7.37,4.11,0.89,-2.37
2021-11-15,5,7.37,4.11,0.89,-2.37
2021-11-16,5,7.37,4.11,0.89,-2.37
2021-11-17,5,7.37,4.11,0.89,-2.37
2021-11-18,5,7.37,4.11,0.89,-2.37
2021-11-19,5,7.37,4.11,0.89,-2.37
2021-11-20,5,7.37,4.11,0.89,-2.37
2021-11-21,5,7.37,4.11,0.89,-2.37
2021-11-22,5,7.37,4.11,0.89,-2.37
2021-11-23,5,7.37,4.11,0.89,-2.37
2021-11-24,5,7.37,4.11,0.89,-2.37
2021-11-25,5,7.37,4.11,0.89,-2.37
2021-11-26,5,7.37,4.11,0.89,-2.37
2021-11-27,5,7.37,4.11,0.89,-2.37
2021-11-28,5,7.37,4.11,0.89,-2.37
2021-11-29,5,7.37,4.11,0.89,-2.37
2021-11-30,5,7.37,4.11,0.89,-2.37
2021-12-01,5,7.36,4.11,0.89,-2.36
2021-12-02,5,7.36,4.11,0.89,-2.36
2021-12-03,5,7.36,4.11,0.89,-2.36
2021-12-04,5,7.36,4.11,0.89,-2.36
2021-12-05,5,7.36,4.11,0.89,-2.36
2021-12-06,5,7.36,4.11,0.89,-2.36
2021-12-07,5,7.36,4.11,0.89,-2.36
2021-12-08,5,7.36,4.11,0.89,-2.36
2021-12-09,5,7.36,4.11,0.89,-2.36
2021-12-10,5,7.36,4.11,0.89,-2.36
2021-12-11,5,7.36,4.11,0.89,-2.36
2021-12-12,5,7.36,4.11,0.89,-2.36
2021-12-13,5,7.36,4.11,0.89,-2.36
2021-12-14,5,7.36,4.11,0.89,-2.36
2021-12-15,5,7.36,4.11,0.89,-2.36
2021-12-16,5,7.36,4.11,0.89,-2.36
2021-12-17,5.5,7.36,4.11,1.39,-1.86
2021-12-18,5.5,7.36,4.11,1.39,-1.86
2021-12-19,5.5,7.36,4.11,1.39,-1.86
2021-12-20,5.5,7.36,4.11,1.39,-1.86
2021-12-21,5.5,7.36,4.11,1.39,-1.86
2021-12-22,5.5,7.36,4.11,1.39,-1.86
2021-12-23,5.5,7.36,4.11,1.39,-1.86
2021-12-24,5.5,7.36,4.11,1.39,-1.86
2021-12-25,5.5,7.36,4.11,1.39,-1.86
2021-12-26,5.5,7.36,4.11,1.39,-1.86
2021-12-27,5.5,7.36,4.11,1.39,-1.86
2021-12-28,5.5,7.36,4.11,1.39,-1.86
2021-12-29,5.5,7.36,4.11,1.39,-1.86
2021-12-30,5.5,7.36,4.11,1.39,-1.86
2021-12-31,5.5,7.36,4.11,1.39,-1.86
2022-01-01,5.5,7.07,4.33,1.17,-1.57
2022-01-02,5.5,7.07,4.33,1.17,-1.57
2022-01-03,5.5,7.07,4.33,1.17,-1.57
2022-01-04,5.5,7.07,4.33,1.17,-1.57
2022-01-05,5.5,7.07,4.33,1.17,-1.57
2022-01-06,5.5,7.07,4.33,1.17,-1.57
2022-01-07,5.5,7.07,4.33,1.17,-1.57
2022-01-08,5.5,7.07,4.33,1.17,-1.57
2022-01-09,5.5,7.07,4.33,1.17,-1.57
2022-01-10,5.5,7.07,4.33,1.17,-1.57
2022-01-11,5.5,7.07,4.33,1.17,-1.57
2022-01-12,5.5,7.07,4.33,1.17,-1.57
2022-01-13,5.5,7.07,4.33,1.17,-1.57
2022-01-14,5.5,7.07,4.33,1.17,-1.57
2022-01-15,5.5,7.07,4.33,1.17,-1.57
2022-01-16,5.5,7.07,4.33,1.17,-1.57
2022-01-17,5.5,7.07,4.33,1.17,-1.57
2022-01-18,5.5,7.07,4.33,1.17,-1.57
2022-01-19,5.5,7.07,4.33,1.17,-1.57
2022-01-20,5.5,7.07,4.33,1.17,-1.57
2022-01-21,5.5,7.07,4.33,1.17,-1.57
2022-01-22,5.5,7.07,4.33,1.17,-1.57
2022-01-23,5.5,7.07,4.33,1.17,-1.57
2022-01-24,5.5,7.07,4.33,1.17,-1.57
2022-01-25,5.5,7.07,4.33,1.17,-1.57
2022-01-26,5.5,7.07,4.33,1.17,-1.57
2022-01-27,5.5,7.07,4.33,1.17,-1.57
2022-01-28,5.5,7.07,4.33,1.17,-1.57
2022-01-29,5.5,7.07,4.33,1.17,-1.57
2022-01-30,5.5,7.07,4.33,1.17,-1.57
2022-01-31,5.5,7.07,4.33,1.17,-1.57
2022-02-01,5.5,7.28,4.29,1.21,-1.78
2022-02-02,5.5,7.28,4.29,1.21,-1.78
2022-02-03,5.5,7.28,4.29,1.21,-1.78
2022-02-04,5.5,7.28,4.29,1.21,-1.78
2022-02-05,5.5,7.28,4.29,1.21,-1.78
2022-02-06,5.5,7.28,4.29,1.21,-1.78
2022-02-07,5.5,7.28,4.29,1.21,-1.78
2022-02-08,5.5,7.28,4.29,1.21,-1.78
2022-02-09,5.5,7.28,4.29,1.21,-1.78
2022-02-10,5.5,7.28,4.29,1.21,-1.78
2022-02-11,6,7.28,4.29,1.71,-1.28
2022-02-12,6,7.28,4.29,1.71,-1.28
2022-02-13,6,7.28,4.29,1.71,-1.28
2022-02-14,6,7.28,4.29,1.71,-1.28
2022-02-15,6,7.28,4.29,1.71,-1.28
2022-02-16,6,7.28,4.29,1.71,-1.28
2022-02-17,6,7.28,4.29,1.71,-1.28
2022-02-18,6,7.28,4.29,1.71,-1.28
2022-02-19,6,7.28,4.29,1.71,-1.28
2022-02-20,6,7.28,4.29,1.71,-1.28
2022-02-21,6,7.28,4.29,1.71,-1.28
2022-02-22,6,7.28,4.29,1.71,-1.28
2022-02-23,6,7.28,4.29,1.71,-1.28
2022-02-24,6,7.28,4.29,1.71,-1.28
2022-02-25,6,7.28,4.29,1.71,-1.28
2022-02-26,6,7.28,4.29,1.71,-1.28
2022-02-27,6,7.28,4.29,1.71,-1.28
2022-02-28,6,7.28,4.29,1.71,-1.28
2022-03-01,6,7.45,4.82,1.18,-1.45
2022-03-02,6,7.45,4.82,1.18,-1.45
2022-03-03,6,7.45,4.82,1.18,-1.45
2022-03-04,6,7.45,4.82,1.18,-1.45
2022-03-05,6,7.45,4.82,1.18,-1.45
2022-03-06,6,7.45,4.82,1.18,-1.45
2022-03-07,6,7.45,4.82,1.18,-1.45
2022-03-08,6,7.45,4.82,1.18,-1.45
2022-03-09,6,7.45,4.82,1.18,-1.45
2022-03-10,6,7.45,4.82,1.18,-1.45
2022-03-11,6,7.45,4.82,1.18,-1.45
2022-03-12,6,7.45,4.82,1.18,-1.45
2022-03-13,6,7.45,4.82,1.18,-1.45
2022-03-14,6,7.45,4.82,1.18,-1.45
2022-03-15,6,7.45,4.82,1.18,-1.45
2022-03-16,6,7.45,4.82,1.18,-1.45
2022-03-17,6,7.45,4.82,1.18,-1.45
2022-03-18,6,7.45,4.82,1.18,-1.45
2022-03-19,6,7.45,4.82,1.18,-1.45
2022-03-20,6,7.45,4.82,1.18,-1.45
2022-03-21,6,7.45,4.82,1.18,-1.45
2022-03-22,6,7.45,4.82,1.18,-1.45
2022-03-23,6,7.45,4.82,1.18,-1.45
2022-03-24,6,7.45,4.82,1.18,-1.45
2022-03-25,6.5,7.45,4.82,1.68,-0.95
2022-03-26,6.5,7.45,4.82,1.68,-0.95
2022-03-27,6.5,7.45,4.82,1.68,-0.95
2022-03-28,6.5,7.45,4.82,1.68,-0.95
2022-03-29,6.5,7.45,4.82,1.68,-0.95
2022-03-30,6.5,7.45,4.82,1.68,-0.95
2022-03-31,6.5,7.45,4.82,1.68,-0.95
2022-04-01,6.5,7.68,5.02,1.48,-1.18
2022-04-02,6.5,7.68,5.02,1.48,-1.18
2022-04-03,6.5,7.68,5.02,1.48,-1.18
2022-04-04,6.5,7.68,5.02,1.48,-1.18
2022-04-05,6.5,7.68,5.02,1.48,-1.18
2022-04-06,6.5,7.68,5.02,1.48,-1.18
2022-04-07,6.5,7.68,5.02,1.48,-1.18
2022-04-08,6.5,7.68,5.02,1.48,-1.18
2022-04-09,6.5,7.68,5.02,1.48,-1.18
2022-04-10,6.5,7.68,5.02,1.48,-1.18
2022-04-11,6.5,7.68,5.02,1.48,-1.18
2022-04-12,6.5,7.68,5.02,1.48,-1.18
2022-04-13,6.5,7.68,5.02,1.48,-1.18
2022-04-14,6.5,7.68,5.02,1.48,-1.18
2022-04-15,6.5,7.68,5.02,1.48,-1.18
2022-04-16,6.5,7.68,5.02,1.48,-1.18
2022-04-17,6.5,7.68,5.02,1.48,-1.18
2022-04-18,6.5,7.68,5.02,1.48,-1.18
2022-04-19,6.5,7.68,5.02,1.48,-1.18
2022-04-20,6.5,7.68,5.02,1.48,-1.18
2022-04-21,6.5,7.68,5.02,1.48,-1.18
2022-04-22,6.5,7.68,5.02,1.48,-1.18
2022-04-23,6.5,7.68,5.02,1.48,-1.18
2022-04-24,6.5,7.68,5.02,1.48,-1.18
2022-04-25,6.5,7.68,5.02,1.48,-1.18
2022-04-26,6.5,7.68,5.02,1.48,-1.18
2022-04-27,6.5,7.68,5.02,1.48,-1.18
2022-04-28,6.5,7.68,5.02,1.48,-1.18
2022-04-29,6.5,7.68,5.02,1.48,-1.18
2022-04-30,6.5,7.68,5.02,1.48,-1.18
2022-05-01,6.5,7.65,4.92,1.58,-1.15
2022-05-02,6.5,7.65,4.92,1.58,-1.15
2022-05-03,6.5,7.65,4.92,1.58,-1.15
2022-05-04,6.5,7.65,4.92,1.58,-1.15
2022-05-05,6.5,7.65,4.92,1.58,-1.15
2022-05-06,6.5,7.65,4.92,1.58,-1.15
2022-05-07,6.5,7.65,4.92,1.58,-1.15
2022-05-08,6.5,7.65,4.92,1.58,-1.15
2022-05-09,6.5,7.65,4.92,1.58,-1.15
2022-05-10,6.5,7.65,4.92,1.58,-1.15
2022-05-11,6.5,7.65,4.92,1.58,-1.15
2022-05-12,6.5,7.65,4.92,1.58,-1.15
2022-05-13,7,7.65,4.92,2.08,-0.65
2022-05-14,7,7.65,4.92,2.08,-0.65
2022-05-15,7,7.65,4.92,2.08,-0.65
2022-05-16,7,7.65,4.92,2.08,-0.65
2022-05-17,7,7.65,4.92,2.08,-0.65
2022-05-18,7,7.65,4.92,2.08,-0.65
2022-05-19,7,7.65,4.92,2.08,-0.65
2022-05-20,7,7.65,4.92,2.08,-0.65
2022-05-21,7,7.65,4.92,2.08,-0.65
2022-05-22,7,7.65,4.92,2.08,-0.65
2022-05-23,7,7.65,4.92,2.08,-0.65
2022-05-24,7,7.65,4.92,2.08,-0.65
2022-05-25,7,7.65,4.92,2.08,-0.65
2022-05-26,7,7.65,4.92,2.08,-0.65
2022-05-27,7,7.65,4.92,2.08,-0.65
2022-05-28,7,7.65,4.92,2.08,-0.65
2022-05-29,7,7.65,4.92,2.08,-0.65
2022-05-30,7,7.65,4.92,2.08,-0.65
2022-05-31,7,7.65,4.92,2.08,-0.65
2022-06-01,7,7.99,5.05,1.95,-0.99
2022-06-02,7,7.99,5.05,1.95,-0.99
2022-06-03,7,7.99,5.05,1.95,-0.99
2022-06-04,7,7.99,5.05,1.95,-0.99
2022-06-05,7,7.99,5.05,1.95,-0.99
2022-06-06,7,7.99,5.05,1.95,-0.99
2022-06-07,7,7.99,5.05,1.95,-0.99
2022-06-08,7,7.99,5.05,1.95,-0.99
2022-06-09,7,7.99,5.05,1.95,-0.99
2022-06-10,7,7.99,5.05,1.95,-0.99
2022-06-11,7,7.99,5.05,1.95,-0.99
2022-06-12,7,7.99,5.05,1.95,-0.99
2022-06-13,7,7.99,5.05,1.95,-0.99
2022-06-14,7,7.99,5.05,1.95,-0.99
2022-06-15,7,7.99,5.05,1.95,-0.99
2022-06-16,7,7.99,5.05,1.95,-0.99
2022-06-17,7,7.99,5.05,1.95,-0.99
2022-06-18,7,7.99,5.05,1.95,-0.99
2022-06-19,7,7.99,5.05,1.95,-0.99
2022-06-20,7,7.99,5.05,1.95,-0.99
2022-06-21,7,7.99,5.05,1.95,-0.99
2022-06-22,7,7.99,5.05,1.95,-0.99
2022-06-23,7,7.99,5.05,1.95,-0.99
2022-06-24,7.75,7.99,5.05,2.7,-0.24
2022-06-25,7.75,7.99,5.05,2.7,-0.24
2022-06-26,7.75,7.99,5.05,2.7,-0.24
2022-06-27,7.75,7.99,5.05,2.7,-0.24
2022-06-28,7.75,7.99,5.05,2.7,-0.24
2022-06-29,7.75,7.99,5.05,2.7,-0.24
2022-06-30,7.75,7.99,5.05,2.7,-0.24
2022-07-01,7.75,8.15,5.04,2.71,-0.4
2022-07-02,7.75,8.15,5.04,2.71,-0.4
2022-07-03,7.75,8.15,5.04,2.71,-0.4
2022-07-04,7.75,8.15,5.04,2.71,-0.4
2022-07-05,7.75,8.15,5.04,2.71,-0.4
2022-07-06,7.75,8.15,5.04,2.71,-0.4
2022-07-07,7.75,8.15,5.04,2.71,-0.4
2022-07-08,7.75,8.15,5.04,2.71,-0.4
2022-07-09,7.75,8.15,5.04,2.71,-0.4
2022-07-10,7.75,8.15,5.04,2.71,-0.4
2022-07-11,7.75,8.15,5.04,2.71,-0.4
2022-07-12,7.75,8.15,5.04,2.71,-0.4
2022-07-13,7.75,8.15,5.04,2.71,-0.4
2022-07-14,7.75,8.15,5.04,2.71,-0.4
2022-07-15,7.75,8.15,5.04,2.71,-0.4
2022-07-16,7.75,8.15,5.04,2.71,-0.4
2022-07-17,7.75,8.15,5.04,2.71,-0.4
2022-07-18,7.75,8.15,5.04,2.71,-0.4
2022-07-19,7.75,8.15,5.04,2.71,-0.4
2022-07-20,7.75,8.15,5.04,2.71,-0.4
2022-07-21,7.75,8.15,5.04,2.71,-0.4
2022-07-22,7.75,8.15,5.04,2.71,-0.4
2022-07-23,7.75,8.15,5.04,2.71,-0.4
2022-07-24,7.75,8.15,5.04,2.71,-0.4
2022-07-25,7.75,8.15,5.04,2.71,-0.4
2022-07-26,7.75,8.15,5.04,2.71,-0.4
2022-07-27,7.75,8.15,5.04,2.71,-0.4
2022-07-28,7.75,8.15,5.04,2.71,-0.4
2022-07-29,7.75,8.15,5.04,2.71,-0.4
2022-07-30,7.75,8.15,5.04,2.71,-0.4
2022-07-31,7.75,8.15,5.04,2.71,-0.4
2022-08-01,7.75,8.7,5.05,2.7,-0.949999999999999
2022-08-02,7.75,8.7,5.05,2.7,-0.949999999999999
2022-08-03,7.75,8.7,5.05,2.7,-0.949999999999999
2022-08-04,7.75,8.7,5.05,2.7,-0.949999999999999
2022-08-05,7.75,8.7,5.05,2.7,-0.949999999999999
2022-08-06,7.75,8.7,5.05,2.7,-0.949999999999999
2022-08-07,7.75,8.7,5.05,2.7,-0.949999999999999
2022-08-08,7.75,8.7,5.05,2.7,-0.949999999999999
2022-08-09,7.75,8.7,5.05,2.7,-0.949999999999999
2022-08-10,7.75,8.7,5.05,2.7,-0.949999999999999
2022-08-11,7.75,8.7,5.05,2.7,-0.949999999999999
2022-08-12,8.5,8.7,5.05,3.45,-0.199999999999999
2022-08-13,8.5,8.7,5.05,3.45,-0.199999999999999
2022-08-14,8.5,8.7,5.05,3.45,-0.199999999999999
2022-08-15,8.5,8.7,5.05,3.45,-0.199999999999999
2022-08-16,8.5,8.7,5.05,3.45,-0.199999999999999
2022-08-17,8.5,8.7,5.05,3.45,-0.199999999999999
2022-08-18,8.5,8.7,5.05,3.45,-0.199999999999999
2022-08-19,8.5,8.7,5.05,3.45,-0.199999999999999
2022-08-20,8.5,8.7,5.05,3.45,-0.199999999999999
2022-08-21,8.5,8.7,5.05,3.45,-0.199999999999999
2022-08-22,8.5,8.7,5.05,3.45,-0.199999999999999
2022-08-23,8.5,8.7,5.05,3.45,-0.199999999999999
2022-08-24,8.5,8.7,5.05,3.45,-0.199999999999999
2022-08-25,8.5,8.7,5.05,3.45,-0.199999999999999
2022-08-26,8.5,8.7,5.05,3.45,-0.199999999999999
2022-08-27,8.5,8.7,5.05,3.45,-0.199999999999999
2022-08-28,8.5,8.7,5.05,3.45,-0.199999999999999
2022-08-29,8.5,8.7,5.05,3.45,-0.199999999999999
2022-08-30,8.5,8.7,5.05,3.45,-0.199999999999999
2022-08-31,8.5,8.7,5.05,3.45,-0.199999999999999
2022-09-01,8.5,8.7,5.25,3.25,-0.199999999999999
2022-09-02,8.5,8.7,5.25,3.25,-0.199999999999999
2022-09-03,8.5,8.7,5.25,3.25,-0.199999999999999
2022-09-04,8.5,8.7,5.25,3.25,-0.199999999999999
2022-09-05,8.5,8.7,5.25,3.25,-0.199999999999999
2022-09-06,8.5,8.7,5.25,3.25,-0.199999999999999
2022-09-07,8.5,8.7,5.25,3.25,-0.199999999999999
2022-09-08,8.5,8.7,5.25,3.25,-0.199999999999999
2022-09-09,8.5,8.7,5.25,3.25,-0.199999999999999
2022-09-10,8.5,8.7,5.25,3.25,-0.199999999999999
2022-09-11,8.5,8.7,5.25,3.25,-0.199999999999999
2022-09-12,8.5,8.7,5.25,3.25,-0.199999999999999
2022-09-13,8.5,8.7,5.25,3.25,-0.199999999999999
2022-09-14,8.5,8.7,5.25,3.25,-0.199999999999999
2022-09-15,8.5,8.7,5.25,3.25,-0.199999999999999
2022-09-16,8.5,8.7,5.25,3.25,-0.199999999999999
2022-09-17,8.5,8.7,5.25,3.25,-0.199999999999999
2022-09-18,8.5,8.7,5.25,3.25,-0.199999999999999
2022-09-19,8.5,8.7,5.25,3.25,-0.199999999999999
2022-09-20,8.5,8.7,5.25,3.25,-0.199999999999999
2022-09-21,8.5,8.7,5.25,3.25,-0.199999999999999
2022-09-22,8.5,8.7,5.25,3.25,-0.199999999999999
2022-09-23,8.5,8.7,5.25,3.25,-0.199999999999999
2022-09-24,8.5,8.7,5.25,3.25,-0.199999999999999
2022-09-25,8.5,8.7,5.25,3.25,-0.199999999999999
2022-09-26,8.5,8.7,5.25,3.25,-0.199999999999999
2022-09-27,8.5,8.7,5.25,3.25,-0.199999999999999
2022-09-28,8.5,8.7,5.25,3.25,-0.199999999999999
2022-09-29,8.5,8.7,5.25,3.25,-0.199999999999999
2022-09-30,9.25,8.7,5.25,4,0.550000000000001
2022-10-01,9.25,8.41,5.5,3.75,0.84
2022-10-02,9.25,8.41,5.5,3.75,0.84
2022-10-03,9.25,8.41,5.5,3.75,0.84
2022-10-04,9.25,8.41,5.5,3.75,0.84
2022-10-05,9.25,8.41,5.5,3.75,0.84
2022-10-06,9.25,8.41,5.5,3.75,0.84
2022-10-07,9.25,8.41,5.5,3.75,0.84
2022-10-08,9.25,8.41,5.5,3.75,0.84
2022-10-09,9.25,8.41,5.5,3.75,0.84
2022-10-10,9.25,8.41,5.5,3.75,0.84
2022-10-11,9.25,8.41,5.5,3.75,0.84
2022-10-12,9.25,8.41,5.5,3.75,0.84
2022-10-13,9.25,8.41,5.5,3.75,0.84
2022-10-14,9.25,8.41,5.5,3.75,0.84
2022-10-15,9.25,8.41,5.5,3.75,0.84
2022-10-16,9.25,8.41,5.5,3.75,0.84
2022-10-17,9.25,8.41,5.5,3.75,0.84
2022-10-18,9.25,8.41,5.5,3.75,0.84
2022-10-19,9.25,8.41,5.5,3.75,0.84
2022-10-20,9.25,8.41,5.5,3.75,0.84
2022-10-21,9.25,8.41,5.5,3.75,0.84
2022-10-22,9.25,8.41,5.5,3.75,0.84
2022-10-23,9.25,8.41,5.5,3.75,0.84
2022-10-24,9.25,8.41,5.5,3.75,0.84
2022-10-25,9.25,8.41,5.5,3.75,0.84
2022-10-26,9.25,8.41,5.5,3.75,0.84
2022-10-27,9.25,8.41,5.5,3.75,0.84
2022-10-28,9.25,8.41,5.5,3.75,0.84
2022-10-29,9.25,8.41,5.5,3.75,0.84
2022-10-30,9.25,8.41,5.5,3.75,0.84
2022-10-31,9.25,8.41,5.5,3.75,0.84
2022-11-01,9.25,7.8,5.17,4.08,1.45
2022-11-02,9.25,7.8,5.17,4.08,1.45
2022-11-03,9.25,7.8,5.17,4.08,1.45
2022-11-04,9.25,7.8,5.17,4.08,1.45
2022-11-05,9.25,7.8,5.17,4.08,1.45
2022-11-06,9.25,7.8,5.17,4.08,1.45
2022-11-07,9.25,7.8,5.17,4.08,1.45
2022-11-08,9.25,7.8,5.17,4.08,1.45
2022-11-09,9.25,7.8,5.17,4.08,1.45
2022-11-10,9.25,7.8,5.17,4.08,1.45
2022-11-11,10,7.8,5.17,4.83,2.2
2022-11-12,10,7.8,5.17,4.83,2.2
2022-11-13,10,7.8,5.17,4.83,2.2
2022-11-14,10,7.8,5.17,4.83,2.2
2022-11-15,10,7.8,5.17,4.83,2.2
2022-11-16,10,7.8,5.17,4.83,2.2
2022-11-17,10,7.8,5.17,4.83,2.2
2022-11-18,10,7.8,5.17,4.83,2.2
2022-11-19,10,7.8,5.17,4.83,2.2
2022-11-20,10,7.8,5.17,4.83,2.2
2022-11-21,10,7.8,5.17,4.83,2.2
2022-11-22,10,7.8,5.17,4.83,2.2
2022-11-23,10,7.8,5.17,4.83,2.2
2022-11-24,10,7.8,5.17,4.83,2.2
2022-11-25,10,7.8,5.17,4.83,2.2
2022-11-26,10,7.8,5.17,4.83,2.2
2022-11-27,10,7.8,5.17,4.83,2.2
2022-11-28,10,7.8,5.17,4.83,2.2
2022-11-29,10,7.8,5.17,4.83,2.2
2022-11-30,10,7.8,5.17,4.83,2.2
2022-12-01,10,7.82,5.17,4.83,2.18
2022-12-02,10,7.82,5.17,4.83,2.18
2022-12-03,10,7.82,5.17,4.83,2.18
2022-12-04,10,7.82,5.17,4.83,2.18
2022-12-05,10,7.82,5.17,4.83,2.18
2022-12-06,10,7.82,5.17,4.83,2.18
2022-12-07,10,7.82,5.17,4.83,2.18
2022-12-08,10,7.82,5.17,4.83,2.18
2022-12-09,10,7.82,5.17,4.83,2.18
2022-12-10,10,7.82,5.17,4.83,2.18
2022-12-11,10,7.82,5.17,4.83,2.18
2022-12-12,10,7.82,5.17,4.83,2.18
2022-12-13,10,7.82,5.17,4.83,2.18
2022-12-14,10,7.82,5.17,4.83,2.18
2022-12-15,10,7.82,5.17,4.83,2.18
2022-12-16,10.5,7.82,5.17,5.33,2.68
2022-12-17,10.5,7.82,5.17,5.33,2.68
2022-12-18,10.5,7.82,5.17,5.33,2.68
2022-12-19,10.5,7.82,5.17,5.33,2.68
2022-12-20,10.5,7.82,5.17,5.33,2.68
2022-12-21,10.5,7.82,5.17,5.33,2.68
2022-12-22,10.5,7.82,5.17,5.33,2.68
2022-12-23,10.5,7.82,5.17,5.33,2.68
2022-12-24,10.5,7.82,5.17,5.33,2.68
2022-12-25,10.5,7.82,5.17,5.33,2.68
2022-12-26,10.5,7.82,5.17,5.33,2.68
2022-12-27,10.5,7.82,5.17,5.33,2.68
2022-12-28,10.5,7.82,5.17,5.33,2.68
2022-12-29,10.5,7.82,5.17,5.33,2.68
2022-12-30,10.5,7.82,5.17,5.33,2.68
2022-12-31,10.5,7.82,5.17,5.33,2.68
2023-01-01,10.5,7.91,4.98,5.52,2.59
2023-01-02,10.5,7.91,4.98,5.52,2.59
2023-01-03,10.5,7.91,4.98,5.52,2.59
2023-01-04,10.5,7.91,4.98,5.52,2.59
2023-01-05,10.5,7.91,4.98,5.52,2.59
2023-01-06,10.5,7.91,4.98,5.52,2.59
2023-01-07,10.5,7.91,4.98,5.52,2.59
2023-01-08,10.5,7.91,4.98,5.52,2.59
2023-01-09,10.5,7.91,4.98,5.52,2.59
2023-01-10,10.5,7.91,4.98,5.52,2.59
2023-01-11,10.5,7.91,4.98,5.52,2.59
2023-01-12,10.5,7.91,4.98,5.52,2.59
2023-01-13,10.5,7.91,4.98,5.52,2.59
2023-01-14,10.5,7.91,4.98,5.52,2.59
2023-01-15,10.5,7.91,4.98,5.52,2.59
2023-01-16,10.5,7.91,4.98,5.52,2.59
2023-01-17,10.5,7.91,4.98,5.52,2.59
2023-01-18,10.5,7.91,4.98,5.52,2.59
2023-01-19,10.5,7.91,4.98,5.52,2.59
2023-01-20,10.5,7.91,4.98,5.52,2.59
2023-01-21,10.5,7.91,4.98,5.52,2.59
2023-01-22,10.5,7.91,4.98,5.52,2.59
2023-01-23,10.5,7.91,4.98,5.52,2.59
2023-01-24,10.5,7.91,4.98,5.52,2.59
2023-01-25,10.5,7.91,4.98,5.52,2.59
2023-01-26,10.5,7.91,4.98,5.52,2.59
2023-01-27,10.5,7.91,4.98,5.52,2.59
2023-01-28,10.5,7.91,4.98,5.52,2.59
2023-01-29,10.5,7.91,4.98,5.52,2.59
2023-01-30,10.5,7.91,4.98,5.52,2.59
2023-01-31,10.5,7.91,4.98,5.52,2.59
2023-02-01,10.5,7.62,4.94,5.56,2.88
2023-02-02,10.5,7.62,4.94,5.56,2.88
2023-02-03,10.5,7.62,4.94,5.56,2.88
2023-02-04,10.5,7.62,4.94,5.56,2.88
2023-02-05,10.5,7.62,4.94,5.56,2.88
2023-02-06,10.5,7.62,4.94,5.56,2.88
2023-02-07,10.5,7.62,4.94,5.56,2.88
2023-02-08,10.5,7.62,4.94,5.56,2.88
2023-02-09,10.5,7.62,4.94,5.56,2.88
2023-02-10,11,7.62,4.94,6.06,3.38
2023-02-11,11,7.62,4.94,6.06,3.38
2023-02-12,11,7.62,4.94,6.06,3.38
2023-02-13,11,7.62,4.94,6.06,3.38
2023-02-14,11,7.62,4.94,6.06,3.38
2023-02-15,11,7.62,4.94,6.06,3.38
2023-02-16,11,7.62,4.94,6.06,3.38
2023-02-17,11,7.62,4.94,6.06,3.38
2023-02-18,11,7.62,4.94,6.06,3.38
2023-02-19,11,7.62,4.94,6.06,3.38
2023-02-20,11,7.62,4.94,6.06,3.38
2023-02-21,11,7.62,4.94,6.06,3.38
2023-02-22,11,7.62,4.94,6.06,3.38
2023-02-23,11,7.62,4.94,6.06,3.38
2023-02-24,11,7.62,4.94,6.06,3.38
2023-02-25,11,7.62,4.94,6.06,3.38
2023-02-26,11,7.62,4.94,6.06,3.38
2023-02-27,11,7.62,4.94,6.06,3.38
2023-02-28,11,7.62,4.94,6.06,3.38
2023-03-01,11,6.85,4.87,6.13,4.15
2023-03-02,11,6.85,4.87,6.13,4.15
2023-03-03,11,6.85,4.87,6.13,4.15
2023-03-04,11,6.85,4.87,6.13,4.15
2023-03-05,11,6.85,4.87,6.13,4.15
2023-03-06,11,6.85,4.87,6.13,4.15
2023-03-07,11,6.85,4.87,6.13,4.15
2023-03-08,11,6.85,4.87,6.13,4.15
2023-03-09,11,6.85,4.87,6.13,4.15
2023-03-10,11,6.85,4.87,6.13,4.15
2023-03-11,11,6.85,4.87,6.13,4.15
2023-03-12,11,6.85,4.87,6.13,4.15
2023-03-13,11,6.85,4.87,6.13,4.15
2023-03-14,11,6.85,4.87,6.13,4.15
2023-03-15,11,6.85,4.87,6.13,4.15
2023-03-16,11,6.85,4.87,6.13,4.15
2023-03-17,11,6.85,4.87,6.13,4.15
2023-03-18,11,6.85,4.87,6.13,4.15
2023-03-19,11,6.85,4.87,6.13,4.15
2023-03-20,11,6.85,4.87,6.13,4.15
2023-03-21,11,6.85,4.87,6.13,4.15
2023-03-22,11,6.85,4.87,6.13,4.15
2023-03-23,11,6.85,4.87,6.13,4.15
2023-03-24,11,6.85,4.87,6.13,4.15
2023-03-25,11,6.85,4.87,6.13,4.15
2023-03-26,11,6.85,4.87,6.13,4.15
2023-03-27,11,6.85,4.87,6.13,4.15
2023-03-28,11,6.85,4.87,6.13,4.15
2023-03-29,11,6.85,4.87,6.13,4.15
2023-03-30,11,6.85,4.87,6.13,4.15
2023-03-31,11.25,6.85,4.87,6.38,4.4
2023-04-01,11.25,6.25,4.82,6.43,5
2023-04-02,11.25,6.25,4.82,6.43,5
2023-04-03,11.25,6.25,4.82,6.43,5
2023-04-04,11.25,6.25,4.82,6.43,5
2023-04-05,11.25,6.25,4.82,6.43,5
2023-04-06,11.25,6.25,4.82,6.43,5
2023-04-07,11.25,6.25,4.82,6.43,5
2023-04-08,11.25,6.25,4.82,6.43,5
2023-04-09,11.25,6.25,4.82,6.43,5
2023-04-10,11.25,6.25,4.82,6.43,5
2023-04-11,11.25,6.25,4.82,6.43,5
2023-04-12,11.25,6.25,4.82,6.43,5
2023-04-13,11.25,6.25,4.82,6.43,5
2023-04-14,11.25,6.25,4.82,6.43,5
2023-04-15,11.25,6.25,4.82,6.43,5
2023-04-16,11.25,6.25,4.82,6.43,5
2023-04-17,11.25,6.25,4.82,6.43,5
2023-04-18,11.25,6.25,4.82,6.43,5
2023-04-19,11.25,6.25,4.82,6.43,5
2023-04-20,11.25,6.25,4.82,6.43,5
2023-04-21,11.25,6.25,4.82,6.43,5
2023-04-22,11.25,6.25,4.82,6.43,5
2023-04-23,11.25,6.25,4.82,6.43,5
2023-04-24,11.25,6.25,4.82,6.43,5
2023-04-25,11.25,6.25,4.82,6.43,5
2023-04-26,11.25,6.25,4.82,6.43,5
2023-04-27,11.25,6.25,4.82,6.43,5
2023-04-28,11.25,6.25,4.82,6.43,5
2023-04-29,11.25,6.25,4.82,6.43,5
2023-04-30,11.25,6.25,4.82,6.43,5
2023-05-01,11.25,5.84,4.69,6.56,5.41
2023-05-02,11.25,5.84,4.69,6.56,5.41
2023-05-03,11.25,5.84,4.69,6.56,5.41
2023-05-04,11.25,5.84,4.69,6.56,5.41
2023-05-05,11.25,5.84,4.69,6.56,5.41
2023-05-06,11.25,5.84,4.69,6.56,5.41
2023-05-07,11.25,5.84,4.69,6.56,5.41
2023-05-08,11.25,5.84,4.69,6.56,5.41
2023-05-09,11.25,5.84,4.69,6.56,5.41
2023-05-10,11.25,5.84,4.69,6.56,5.41
2023-05-11,11.25,5.84,4.69,6.56,5.41
2023-05-12,11.25,5.84,4.69,6.56,5.41
2023-05-13,11.25,5.84,4.69,6.56,5.41
2023-05-14,11.25,5.84,4.69,6.56,5.41
2023-05-15,11.25,5.84,4.69,6.56,5.41
2023-05-16,11.25,5.84,4.69,6.56,5.41
2023-05-17,11.25,5.84,4.69,6.56,5.41
2023-05-18,11.25,5.84,4.69,6.56,5.41
2023-05-19,11.25,5.84,4.69,6.56,5.41
2023-05-20,11.25,5.84,4.69,6.56,5.41
2023-05-21,11.25,5.84,4.69,6.56,5.41
2023-05-22,11.25,5.84,4.69,6.56,5.41
2023-05-23,11.25,5.84,4.69,6.56,5.41
2023-05-24,11.25,5.84,4.69,6.56,5.41
2023-05-25,11.25,5.84,4.69,6.56,5.41
2023-05-26,11.25,5.84,4.69,6.56,5.41
2023-05-27,11.25,5.84,4.69,6.56,5.41
2023-05-28,11.25,5.84,4.69,6.56,5.41
2023-05-29,11.25,5.84,4.69,6.56,5.41
2023-05-30,11.25,5.84,4.69,6.56,5.41
2023-05-31,11.25,5.84,4.69,6.56,5.41
2023-06-01,11.25,5.06,4.53,6.72,6.19
2023-06-02,11.25,5.06,4.53,6.72,6.19
2023-06-03,11.25,5.06,4.53,6.72,6.19
2023-06-04,11.25,5.06,4.53,6.72,6.19
2023-06-05,11.25,5.06,4.53,6.72,6.19
2023-06-06,11.25,5.06,4.53,6.72,6.19
2023-06-07,11.25,5.06,4.53,6.72,6.19
2023-06-08,11.25,5.06,4.53,6.72,6.19
2023-06-09,11.25,5.06,4.53,6.72,6.19
2023-06-10,11.25,5.06,4.53,6.72,6.19
2023-06-11,11.25,5.06,4.53,6.72,6.19
2023-06-12,11.25,5.06,4.53,6.72,6.19
2023-06-13,11.25,5.06,4.53,6.72,6.19
2023-06-14,11.25,5.06,4.53,6.72,6.19
2023-06-15,11.25,5.06,4.53,6.72,6.19
2023-06-16,11.25,5.06,4.53,6.72,6.19
2023-06-17,11.25,5.06,4.53,6.72,6.19
2023-06-18,11.25,5.06,4.53,6.72,6.19
2023-06-19,11.25,5.06,4.53,6.72,6.19
2023-06-20,11.25,5.06,4.53,6.72,6.19
2023-06-21,11.25,5.06,4.53,6.72,6.19
2023-06-22,11.25,5.06,4.53,6.72,6.19
2023-06-23,11.25,5.06,4.53,6.72,6.19
2023-06-24,11.25,5.06,4.53,6.72,6.19
2023-06-25,11.25,5.06,4.53,6.72,6.19
2023-06-26,11.25,5.06,4.53,6.72,6.19
2023-06-27,11.25,5.06,4.53,6.72,6.19
2023-06-28,11.25,5.06,4.53,6.72,6.19
2023-06-29,11.25,5.06,4.53,6.72,6.19
2023-06-30,11.25,5.06,4.53,6.72,6.19
2023-07-01,11.25,4.79,4.43,6.82,6.46
2023-07-02,11.25,4.79,4.43,6.82,6.46
2023-07-03,11.25,4.79,4.43,6.82,6.46
2023-07-04,11.25,4.79,4.43,6.82,6.46
2023-07-05,11.25,4.79,4.43,6.82,6.46
2023-07-06,11.25,4.79,4.43,6.82,6.46
2023-07-07,11.25,4.79,4.43,6.82,6.46
2023-07-08,11.25,4.79,4.43,6.82,6.46
2023-07-09,11.25,4.79,4.43,6.82,6.46
2023-07-10,11.25,4.79,4.43,6.82,6.46
2023-07-11,11.25,4.79,4.43,6.82,6.46
2023-07-12,11.25,4.79,4.43,6.82,6.46
2023-07-13,11.25,4.79,4.43,6.82,6.46
2023-07-14,11.25,4.79,4.43,6.82,6.46
2023-07-15,11.25,4.79,4.43,6.82,6.46
2023-07-16,11.25,4.79,4.43,6.82,6.46
2023-07-17,11.25,4.79,4.43,6.82,6.46
2023-07-18,11.25,4.79,4.43,6.82,6.46
2023-07-19,11.25,4.79,4.43,6.82,6.46
2023-07-20,11.25,4.79,4.43,6.82,6.46
2023-07-21,11.25,4.79,4.43,6.82,6.46
2023-07-22,11.25,4.79,4.43,6.82,6.46
2023-07-23,11.25,4.79,4.43,6.82,6.46
2023-07-24,11.25,4.79,4.43,6.82,6.46
2023-07-25,11.25,4.79,4.43,6.82,6.46
2023-07-26,11.25,4.79,4.43,6.82,6.46
2023-07-27,11.25,4.79,4.43,6.82,6.46
2023-07-28,11.25,4.79,4.43,6.82,6.46
2023-07-29,11.25,4.79,4.43,6.82,6.46
2023-07-30,11.25,4.79,4.43,6.82,6.46
2023-07-31,11.25,4.79,4.43,6.82,6.46
2023-08-01,11.25,4.64,4.3,6.95,6.61
2023-08-02,11.25,4.64,4.3,6.95,6.61
2023-08-03,11.25,4.64,4.3,6.95,6.61
2023-08-04,11.25,4.64,4.3,6.95,6.61
2023-08-05,11.25,4.64,4.3,6.95,6.61
2023-08-06,11.25,4.64,4.3,6.95,6.61
2023-08-07,11.25,4.64,4.3,6.95,6.61
2023-08-08,11.25,4.64,4.3,6.95,6.61
2023-08-09,11.25,4.64,4.3,6.95,6.61
2023-08-10,11.25,4.64,4.3,6.95,6.61
2023-08-11,11.25,4.64,4.3,6.95,6.61
2023-08-12,11.25,4.64,4.3,6.95,6.61
2023-08-13,11.25,4.64,4.3,6.95,6.61
2023-08-14,11.25,4.64,4.3,6.95,6.61
2023-08-15,11.25,4.64,4.3,6.95,6.61
2023-08-16,11.25,4.64,4.3,6.95,6.61
2023-08-17,11.25,4.64,4.3,6.95,6.61
2023-08-18,11.25,4.64,4.3,6.95,6.61
2023-08-19,11.25,4.64,4.3,6.95,6.61
2023-08-20,11.25,4.64,4.3,6.95,6.61
2023-08-21,11.25,4.64,4.3,6.95,6.61
2023-08-22,11.25,4.64,4.3,6.95,6.61
2023-08-23,11.25,4.64,4.3,6.95,6.61
2023-08-24,11.25,4.64,4.3,6.95,6.61
2023-08-25,11.25,4.64,4.3,6.95,6.61
2023-08-26,11.25,4.64,4.3,6.95,6.61
2023-08-27,11.25,4.64,4.3,6.95,6.61
2023-08-28,11.25,4.64,4.3,6.95,6.61
2023-08-29,11.25,4.64,4.3,6.95,6.61
2023-08-30,11.25,4.64,4.3,6.95,6.61
2023-08-31,11.25,4.64,4.3,6.95,6.61
2023-09-01,11.25,4.45,4.15,7.1,6.8
2023-09-02,11.25,4.45,4.15,7.1,6.8
2023-09-03,11.25,4.45,4.15,7.1,6.8
2023-09-04,11.25,4.45,4.15,7.1,6.8
2023-09-05,11.25,4.45,4.15,7.1,6.8
2023-09-06,11.25,4.45,4.15,7.1,6.8
2023-09-07,11.25,4.45,4.15,7.1,6.8
2023-09-08,11.25,4.45,4.15,7.1,6.8
2023-09-09,11.25,4.45,4.15,7.1,6.8
2023-09-10,11.25,4.45,4.15,7.1,6.8
2023-09-11,11.25,4.45,4.15,7.1,6.8
2023-09-12,11.25,4.45,4.15,7.1,6.8
2023-09-13,11.25,4.45,4.15,7.1,6.8
2023-09-14,11.25,4.45,4.15,7.1,6.8
2023-09-15,11.25,4.45,4.15,7.1,6.8
2023-09-16,11.25,4.45,4.15,7.1,6.8
2023-09-17,11.25,4.45,4.15,7.1,6.8
2023-09-18,11.25,4.45,4.15,7.1,6.8
2023-09-19,11.25,4.45,4.15,7.1,6.8
2023-09-20,11.25,4.45,4.15,7.1,6.8
2023-09-21,11.25,4.45,4.15,7.1,6.8
2023-09-22,11.25,4.45,4.15,7.1,6.8
2023-09-23,11.25,4.45,4.15,7.1,6.8
2023-09-24,11.25,4.45,4.15,7.1,6.8
2023-09-25,11.25,4.45,4.15,7.1,6.8
2023-09-26,11.25,4.45,4.15,7.1,6.8
2023-09-27,11.25,4.45,4.15,7.1,6.8
2023-09-28,11.25,4.45,4.15,7.1,6.8
2023-09-29,11.25,4.45,4.15,7.1,6.8
2023-09-30,11.25,4.45,4.15,7.1,6.8
2023-10-01,11.25,4.26,4.22,7.03,6.99
2023-10-02,11.25,4.26,4.22,7.03,6.99
2023-10-03,11.25,4.26,4.22,7.03,6.99
2023-10-04,11.25,4.26,4.22,7.03,6.99
2023-10-05,11.25,4.26,4.22,7.03,6.99
2023-10-06,11.25,4.26,4.22,7.03,6.99
2023-10-07,11.25,4.26,4.22,7.03,6.99
2023-10-08,11.25,4.26,4.22,7.03,6.99
2023-10-09,11.25,4.26,4.22,7.03,6.99
2023-10-10,11.25,4.26,4.22,7.03,6.99
2023-10-11,11.25,4.26,4.22,7.03,6.99
2023-10-12,11.25,4.26,4.22,7.03,6.99
2023-10-13,11.25,4.26,4.22,7.03,6.99
2023-10-14,11.25,4.26,4.22,7.03,6.99
2023-10-15,11.25,4.26,4.22,7.03,6.99
2023-10-16,11.25,4.26,4.22,7.03,6.99
2023-10-17,11.25,4.26,4.22,7.03,6.99
2023-10-18,11.25,4.26,4.22,7.03,6.99
2023-10-19,11.25,4.26,4.22,7.03,6.99
2023-10-20,11.25,4.26,4.22,7.03,6.99
2023-10-21,11.25,4.26,4.22,7.03,6.99
2023-10-22,11.25,4.26,4.22,7.03,6.99
2023-10-23,11.25,4.26,4.22,7.03,6.99
2023-10-24,11.25,4.26,4.22,7.03,6.99
2023-10-25,11.25,4.26,4.22,7.03,6.99
2023-10-26,11.25,4.26,4.22,7.03,6.99
2023-10-27,11.25,4.26,4.22,7.03,6.99
2023-10-28,11.25,4.26,4.22,7.03,6.99
2023-10-29,11.25,4.26,4.22,7.03,6.99
2023-10-30,11.25,4.26,4.22,7.03,6.99
2023-10-31,11.25,4.26,4.22,7.03,6.99
2023-11-01,11.25,4.32,4.1,7.15,6.93
2023-11-02,11.25,4.32,4.1,7.15,6.93
2023-11-03,11.25,4.32,4.1,7.15,6.93
2023-11-04,11.25,4.32,4.1,7.15,6.93
2023-11-05,11.25,4.32,4.1,7.15,6.93
2023-11-06,11.25,4.32,4.1,7.15,6.93
2023-11-07,11.25,4.32,4.1,7.15,6.93
2023-11-08,11.25,4.32,4.1,7.15,6.93
2023-11-09,11.25,4.32,4.1,7.15,6.93
2023-11-10,11.25,4.32,4.1,7.15,6.93
2023-11-11,11.25,4.32,4.1,7.15,6.93
2023-11-12,11.25,4.32,4.1,7.15,6.93
2023-11-13,11.25,4.32,4.1,7.15,6.93
2023-11-14,11.25,4.32,4.1,7.15,6.93
2023-11-15,11.25,4.32,4.1,7.15,6.93
2023-11-16,11.25,4.32,4.1,7.15,6.93
2023-11-17,11.25,4.32,4.1,7.15,6.93
2023-11-18,11.25,4.32,4.1,7.15,6.93
2023-11-19,11.25,4.32,4.1,7.15,6.93
2023-11-20,11.25,4.32,4.1,7.15,6.93
2023-11-21,11.25,4.32,4.1,7.15,6.93
2023-11-22,11.25,4.32,4.1,7.15,6.93
2023-11-23,11.25,4.32,4.1,7.15,6.93
2023-11-24,11.25,4.32,4.1,7.15,6.93
2023-11-25,11.25,4.32,4.1,7.15,6.93
2023-11-26,11.25,4.32,4.1,7.15,6.93
2023-11-27,11.25,4.32,4.1,7.15,6.93
2023-11-28,11.25,4.32,4.1,7.15,6.93
2023-11-29,11.25,4.32,4.1,7.15,6.93
2023-11-30,11.25,4.32,4.1,7.15,6.93
2023-12-01,11.25,4.66,4.1,7.15,6.59
2023-12-02,11.25,4.66,4.1,7.15,6.59
2023-12-03,11.25,4.66,4.1,7.15,6.59
2023-12-04,11.25,4.66,4.1,7.15,6.59
2023-12-05,11.25,4.66,4.1,7.15,6.59
2023-12-06,11.25,4.66,4.1,7.15,6.59
2023-12-07,11.25,4.66,4.1,7.15,6.59
2023-12-08,11.25,4.66,4.1,7.15,6.59
2023-12-09,11.25,4.66,4.1,7.15,6.59
2023-12-10,11.25,4.66,4.1,7.15,6.59
2023-12-11,11.25,4.66,4.1,7.15,6.59
2023-12-12,11.25,4.66,4.1,7.15,6.59
2023-12-13,11.25,4.66,4.1,7.15,6.59
2023-12-14,11.25,4.66,4.1,7.15,6.59
2023-12-15,11.25,4.66,4.1,7.15,6.59
2023-12-16,11.25,4.66,4.1,7.15,6.59
2023-12-17,11.25,4.66,4.1,7.15,6.59
2023-12-18,11.25,4.66,4.1,7.15,6.59
2023-12-19,11.25,4.66,4.1,7.15,6.59
2023-12-20,11.25,4.66,4.1,7.15,6.59
2023-12-21,11.25,4.66,4.1,7.15,6.59
2023-12-22,11.25,4.66,4.1,7.15,6.59
2023-12-23,11.25,4.66,4.1,7.15,6.59
2023-12-24,11.25,4.66,4.1,7.15,6.59
2023-12-25,11.25,4.66,4.1,7.15,6.59
2023-12-26,11.25,4.66,4.1,7.15,6.59
2023-12-27,11.25,4.66,4.1,7.15,6.59
2023-12-28,11.25,4.66,4.1,7.15,6.59
2023-12-29,11.25,4.66,4.1,7.15,6.59
2023-12-30,11.25,4.66,4.1,7.15,6.59
2023-12-31,11.25,4.66,4.1,7.15,6.59
2024-01-01,11.25,4.88,3.83,7.42,6.37
2024-01-02,11.25,4.88,3.83,7.42,6.37
2024-01-03,11.25,4.88,3.83,7.42,6.37
2024-01-04,11.25,4.88,3.83,7.42,6.37
2024-01-05,11.25,4.88,3.83,7.42,6.37
2024-01-06,11.25,4.88,3.83,7.42,6.37
2024-01-07,11.25,4.88,3.83,7.42,6.37
2024-01-08,11.25,4.88,3.83,7.42,6.37
2024-01-09,11.25,4.88,3.83,7.42,6.37
2024-01-10,11.25,4.88,3.83,7.42,6.37
2024-01-11,11.25,4.88,3.83,7.42,6.37
2024-01-12,11.25,4.88,3.83,7.42,6.37
2024-01-13,11.25,4.88,3.83,7.42,6.37
2024-01-14,11.25,4.88,3.83,7.42,6.37
2024-01-15,11.25,4.88,3.83,7.42,6.37
2024-01-16,11.25,4.88,3.83,7.42,6.37
2024-01-17,11.25,4.88,3.83,7.42,6.37
2024-01-18,11.25,4.88,3.83,7.42,6.37
2024-01-19,11.25,4.88,3.83,7.42,6.37
2024-01-20,11.25,4.88,3.83,7.42,6.37
2024-01-21,11.25,4.88,3.83,7.42,6.37
2024-01-22,11.25,4.88,3.83,7.42,6.37
2024-01-23,11.25,4.88,3.83,7.42,6.37
2024-01-24,11.25,4.88,3.83,7.42,6.37
2024-01-25,11.25,4.88,3.83,7.42,6.37
2024-01-26,11.25,4.88,3.83,7.42,6.37
2024-01-27,11.25,4.88,3.83,7.42,6.37
2024-01-28,11.25,4.88,3.83,7.42,6.37
2024-01-29,11.25,4.88,3.83,7.42,6.37
2024-01-30,11.25,4.88,3.83,7.42,6.37
2024-01-31,11.25,4.88,3.83,7.42,6.37
2024-02-01,11.25,4.4,3.83,7.42,6.85
2024-02-02,11.25,4.4,3.83,7.42,6.85
2024-02-03,11.25,4.4,3.83,7.42,6.85
2024-02-04,11.25,4.4,3.83,7.42,6.85
2024-02-05,11.25,4.4,3.83,7.42,6.85
2024-02-06,11.25,4.4,3.83,7.42,6.85
2024-02-07,11.25,4.4,3.83,7.42,6.85
2024-02-08,11.25,4.4,3.83,7.42,6.85
2024-02-09,11.25,4.4,3.83,7.42,6.85
2024-02-10,11.25,4.4,3.83,7.42,6.85
2024-02-11,11.25,4.4,3.83,7.42,6.85
2024-02-12,11.25,4.4,3.83,7.42,6.85
2024-02-13,11.25,4.4,3.83,7.42,6.85
2024-02-14,11.25,4.4,3.83,7.42,6.85
2024-02-15,11.25,4.4,3.83,7.42,6.85
2024-02-16,11.25,4.4,3.83,7.42,6.85
2024-02-17,11.25,4.4,3.83,7.42,6.85
2024-02-18,11.25,4.4,3.83,7.42,6.85
2024-02-19,11.25,4.4,3.83,7.42,6.85
2024-02-20,11.25,4.4,3.83,7.42,6.85
2024-02-21,11.25,4.4,3.83,7.42,6.85
2024-02-22,11.25,4.4,3.83,7.42,6.85
2024-02-23,11.25,4.4,3.83,7.42,6.85
2024-02-24,11.25,4.4,3.83,7.42,6.85
2024-02-25,11.25,4.4,3.83,7.42,6.85
2024-02-26,11.25,4.4,3.83,7.42,6.85
2024-02-27,11.25,4.4,3.83,7.42,6.85
2024-02-28,11.25,4.4,3.83,7.42,6.85
2024-02-29,11.25,4.4,3.83,7.42,6.85
2024-03-01,11.25,4.42,3.92,7.33,6.83
2024-03-02,11.25,4.42,3.92,7.33,6.83
2024-03-03,11.25,4.42,3.92,7.33,6.83
2024-03-04,11.25,4.42,3.92,7.33,6.83
2024-03-05,11.25,4.42,3.92,7.33,6.83
2024-03-06,11.25,4.42,3.92,7.33,6.83
2024-03-07,11.25,4.42,3.92,7.33,6.83
2024-03-08,11.25,4.42,3.92,7.33,6.83
2024-03-09,11.25,4.42,3.92,7.33,6.83
2024-03-10,11.25,4.42,3.92,7.33,6.83
2024-03-11,11.25,4.42,3.92,7.33,6.83
2024-03-12,11.25,4.42,3.92,7.33,6.83
2024-03-13,11.25,4.42,3.92,7.33,6.83
2024-03-14,11.25,4.42,3.92,7.33,6.83
2024-03-15,11.25,4.42,3.92,7.33,6.83
2024-03-16,11.25,4.42,3.92,7.33,6.83
2024-03-17,11.25,4.42,3.92,7.33,6.83
2024-03-18,11.25,4.42,3.92,7.33,6.83
2024-03-19,11.25,4.42,3.92,7.33,6.83
2024-03-20,11.25,4.42,3.92,7.33,6.83
2024-03-21,11.25,4.42,3.92,7.33,6.83
2024-03-22,11,4.42,3.92,7.08,6.58
2024-03-23,11,4.42,3.92,7.08,6.58
2024-03-24,11,4.42,3.92,7.08,6.58
2024-03-25,11,4.42,3.92,7.08,6.58
2024-03-26,11,4.42,3.92,7.08,6.58
2024-03-27,11,4.42,3.92,7.08,6.58
2024-03-28,11,4.42,3.92,7.08,6.58
2024-03-29,11,4.42,3.92,7.08,6.58
2024-03-30,11,4.42,3.92,7.08,6.58
2024-03-31,11,4.42,3.92,7.08,6.58
2024-04-01,11,4.65,3.86,7.14,6.35
2024-04-02,11,4.65,3.86,7.14,6.35
2024-04-03,11,4.65,3.86,7.14,6.35
2024-04-04,11,4.65,3.86,7.14,6.35
2024-04-05,11,4.65,3.86,7.14,6.35
2024-04-06,11,4.65,3.86,7.14,6.35
2024-04-07,11,4.65,3.86,7.14,6.35
2024-04-08,11,4.65,3.86,7.14,6.35
2024-04-09,11,4.65,3.86,7.14,6.35
2024-04-10,11,4.65,3.86,7.14,6.35
2024-04-11,11,4.65,3.86,7.14,6.35
2024-04-12,11,4.65,3.86,7.14,6.35
2024-04-13,11,4.65,3.86,7.14,6.35
2024-04-14,11,4.65,3.86,7.14,6.35
2024-04-15,11,4.65,3.86,7.14,6.35
2024-04-16,11,4.65,3.86,7.14,6.35
2024-04-17,11,4.65,3.86,7.14,6.35
2024-04-18,11,4.65,3.86,7.14,6.35
2024-04-19,11,4.65,3.86,7.14,6.35
2024-04-20,11,4.65,3.86,7.14,6.35
2024-04-21,11,4.65,3.86,7.14,6.35
2024-04-22,11,4.65,3.86,7.14,6.35
2024-04-23,11,4.65,3.86,7.14,6.35
2024-04-24,11,4.65,3.86,7.14,6.35
2024-04-25,11,4.65,3.86,7.14,6.35
2024-04-26,11,4.65,3.86,7.14,6.35
2024-04-27,11,4.65,3.86,7.14,6.35
2024-04-28,11,4.65,3.86,7.14,6.35
2024-04-29,11,4.65,3.86,7.14,6.35
2024-04-30,11,4.65,3.86,7.14,6.35
2024-05-01,11,4.69,3.8,7.2,6.31
2024-05-02,11,4.69,3.8,7.2,6.31
2024-05-03,11,4.69,3.8,7.2,6.31
2024-05-04,11,4.69,3.8,7.2,6.31
2024-05-05,11,4.69,3.8,7.2,6.31
2024-05-06,11,4.69,3.8,7.2,6.31
2024-05-07,11,4.69,3.8,7.2,6.31
2024-05-08,11,4.69,3.8,7.2,6.31
2024-05-09,11,4.69,3.8,7.2,6.31
2024-05-10,11,4.69,3.8,7.2,6.31
2024-05-11,11,4.69,3.8,7.2,6.31
2024-05-12,11,4.69,3.8,7.2,6.31
2024-05-13,11,4.69,3.8,7.2,6.31
2024-05-14,11,4.69,3.8,7.2,6.31
2024-05-15,11,4.69,3.8,7.2,6.31
2024-05-16,11,4.69,3.8,7.2,6.31
2024-05-17,11,4.69,3.8,7.2,6.31
2024-05-18,11,4.69,3.8,7.2,6.31
2024-05-19,11,4.69,3.8,7.2,6.31
2024-05-20,11,4.69,3.8,7.2,6.31
2024-05-21,11,4.69,3.8,7.2,6.31
2024-05-22,11,4.69,3.8,7.2,6.31
2024-05-23,11,4.69,3.8,7.2,6.31
2024-05-24,11,4.69,3.8,7.2,6.31
2024-05-25,11,4.69,3.8,7.2,6.31
2024-05-26,11,4.69,3.8,7.2,6.31
2024-05-27,11,4.69,3.8,7.2,6.31
2024-05-28,11,4.69,3.8,7.2,6.31
2024-05-29,11,4.69,3.8,7.2,6.31
2024-05-30,11,4.69,3.8,7.2,6.31
2024-05-31,11,4.69,3.8,7.2,6.31
2024-06-01,11,4.98,3.89,7.11,6.02
2024-06-02,11,4.98,3.89,7.11,6.02
2024-06-03,11,4.98,3.89,7.11,6.02
2024-06-04,11,4.98,3.89,7.11,6.02
2024-06-05,11,4.98,3.89,7.11,6.02
2024-06-06,11,4.98,3.89,7.11,6.02
2024-06-07,11,4.98,3.89,7.11,6.02
2024-06-08,11,4.98,3.89,7.11,6.02
2024-06-09,11,4.98,3.89,7.11,6.02
2024-06-10,11,4.98,3.89,7.11,6.02
2024-06-11,11,4.98,3.89,7.11,6.02
2024-06-12,11,4.98,3.89,7.11,6.02
2024-06-13,11,4.98,3.89,7.11,6.02
2024-06-14,11,4.98,3.89,7.11,6.02
2024-06-15,11,4.98,3.89,7.11,6.02
2024-06-16,11,4.98,3.89,7.11,6.02
2024-06-17,11,4.98,3.89,7.11,6.02
2024-06-18,11,4.98,3.89,7.11,6.02
2024-06-19,11,4.98,3.89,7.11,6.02
2024-06-20,11,4.98,3.89,7.11,6.02
2024-06-21,11,4.98,3.89,7.11,6.02
2024-06-22,11,4.98,3.89,7.11,6.02
2024-06-23,11,4.98,3.89,7.11,6.02
2024-06-24,11,4.98,3.89,7.11,6.02
2024-06-25,11,4.98,3.89,7.11,6.02
2024-06-26,11,4.98,3.89,7.11,6.02
2024-06-27,11,4.98,3.89,7.11,6.02
2024-06-28,11,4.98,3.89,7.11,6.02
2024-06-29,11,4.98,3.89,7.11,6.02
2024-06-30,11,4.98,3.89,7.11,6.02
2024-07-01,11,5.57,3.71,7.29,5.43
2024-07-02,11,5.57,3.71,7.29,5.43
2024-07-03,11,5.57,3.71,7.29,5.43
2024-07-04,11,5.57,3.71,7.29,5.43
2024-07-05,11,5.57,3.71,7.29,5.43
2024-07-06,11,5.57,3.71,7.29,5.43
2024-07-07,11,5.57,3.71,7.29,5.43
2024-07-08,11,5.57,3.71,7.29,5.43
2024-07-09,11,5.57,3.71,7.29,5.43
2024-07-10,11,5.57,3.71,7.29,5.43
2024-07-11,11,5.57,3.71,7.29,5.43
2024-07-12,11,5.57,3.71,7.29,5.43
2024-07-13,11,5.57,3.71,7.29,5.43
2024-07-14,11,5.57,3.71,7.29,5.43
2024-07-15,11,5.57,3.71,7.29,5.43
2024-07-16,11,5.57,3.71,7.29,5.43
2024-07-17,11,5.57,3.71,7.29,5.43
2024-07-18,11,5.57,3.71,7.29,5.43
2024-07-19,11,5.57,3.71,7.29,5.43
2024-07-20,11,5.57,3.71,7.29,5.43
2024-07-21,11,5.57,3.71,7.29,5.43
2024-07-22,11,5.57,3.71,7.29,5.43
2024-07-23,11,5.57,3.71,7.29,5.43
2024-07-24,11,5.57,3.71,7.29,5.43
2024-07-25,11,5.57,3.71,7.29,5.43
2024-07-26,11,5.57,3.71,7.29,5.43
2024-07-27,11,5.57,3.71,7.29,5.43
2024-07-28,11,5.57,3.71,7.29,5.43
2024-07-29,11,5.57,3.71,7.29,5.43
2024-07-30,11,5.57,3.71,7.29,5.43
2024-07-31,11,5.57,3.71,7.29,5.43
2024-08-01,11,4.99,3.68,7.32,6.01
2024-08-02,11,4.99,3.68,7.32,6.01
2024-08-03,11,4.99,3.68,7.32,6.01
2024-08-04,11,4.99,3.68,7.32,6.01
2024-08-05,11,4.99,3.68,7.32,6.01
2024-08-06,11,4.99,3.68,7.32,6.01
2024-08-07,11,4.99,3.68,7.32,6.01
2024-08-08,11,4.99,3.68,7.32,6.01
2024-08-09,10.75,4.99,3.68,7.07,5.76
2024-08-10,10.75,4.99,3.68,7.07,5.76
2024-08-11,10.75,4.99,3.68,7.07,5.76
2024-08-12,10.75,4.99,3.68,7.07,5.76
2024-08-13,10.75,4.99,3.68,7.07,5.76
2024-08-14,10.75,4.99,3.68,7.07,5.76
2024-08-15,10.75,4.99,3.68,7.07,5.76
2024-08-16,10.75,4.99,3.68,7.07,5.76
2024-08-17,10.75,4.99,3.68,7.07,5.76
2024-08-18,10.75,4.99,3.68,7.07,5.76
2024-08-19,10.75,4.99,3.68,7.07,5.76
2024-08-20,10.75,4.99,3.68,7.07,5.76
2024-08-21,10.75,4.99,3.68,7.07,5.76
2024-08-22,10.75,4.99,3.68,7.07,5.76
2024-08-23,10.75,4.99,3.68,7.07,5.76
2024-08-24,10.75,4.99,3.68,7.07,5.76
2024-08-25,10.75,4.99,3.68,7.07,5.76
2024-08-26,10.75,4.99,3.68,7.07,5.76
2024-08-27,10.75,4.99,3.68,7.07,5.76
2024-08-28,10.75,4.99,3.68,7.07,5.76
2024-08-29,10.75,4.99,3.68,7.07,5.76
2024-08-30,10.75,4.99,3.68,7.07,5.76
2024-08-31,10.75,4.99,3.68,7.07,5.76
2024-09-01,10.75,4.58,3.85,6.9,6.17
2024-09-02,10.75,4.58,3.85,6.9,6.17
2024-09-03,10.75,4.58,3.85,6.9,6.17
2024-09-04,10.75,4.58,3.85,6.9,6.17
2024-09-05,10.75,4.58,3.85,6.9,6.17
2024-09-06,10.75,4.58,3.85,6.9,6.17
2024-09-07,10.75,4.58,3.85,6.9,6.17
2024-09-08,10.75,4.58,3.85,6.9,6.17
2024-09-09,10.75,4.58,3.85,6.9,6.17
2024-09-10,10.75,4.58,3.85,6.9,6.17
2024-09-11,10.75,4.58,3.85,6.9,6.17
2024-09-12,10.75,4.58,3.85,6.9,6.17
2024-09-13,10.75,4.58,3.85,6.9,6.17
2024-09-14,10.75,4.58,3.85,6.9,6.17
2024-09-15,10.75,4.58,3.85,6.9,6.17
2024-09-16,10.75,4.58,3.85,6.9,6.17
2024-09-17,10.75,4.58,3.85,6.9,6.17
2024-09-18,10.75,4.58,3.85,6.9,6.17
2024-09-19,10.75,4.58,3.85,6.9,6.17
2024-09-20,10.75,4.58,3.85,6.9,6.17
2024-09-21,10.75,4.58,3.85,6.9,6.17
2024-09-22,10.75,4.58,3.85,6.9,6.17
2024-09-23,10.75,4.58,3.85,6.9,6.17
2024-09-24,10.75,4.58,3.85,6.9,6.17
2024-09-25,10.75,4.58,3.85,6.9,6.17
2024-09-26,10.75,4.58,3.85,6.9,6.17
2024-09-27,10.5,4.58,3.85,6.65,5.92
2024-09-28,10.5,4.58,3.85,6.65,5.92
2024-09-29,10.5,4.58,3.85,6.65,5.92
2024-09-30,10.5,4.58,3.85,6.65,5.92
2024-10-01,10.5,4.76,3.89,6.61,5.74
2024-10-02,10.5,4.76,3.89,6.61,5.74
2024-10-03,10.5,4.76,3.89,6.61,5.74
2024-10-04,10.5,4.76,3.89,6.61,5.74
2024-10-05,10.5,4.76,3.89,6.61,5.74
2024-10-06,10.5,4.76,3.89,6.61,5.74
2024-10-07,10.5,4.76,3.89,6.61,5.74
2024-10-08,10.5,4.76,3.89,6.61,5.74
2024-10-09,10.5,4.76,3.89,6.61,5.74
2024-10-10,10.5,4.76,3.89,6.61,5.74
2024-10-11,10.5,4.76,3.89,6.61,5.74
2024-10-12,10.5,4.76,3.89,6.61,5.74
2024-10-13,10.5,4.76,3.89,6.61,5.74
2024-10-14,10.5,4.76,3.89,6.61,5.74
2024-10-15,10.5,4.76,3.89,6.61,5.74
2024-10-16,10.5,4.76,3.89,6.61,5.74
2024-10-17,10.5,4.76,3.89,6.61,5.74
2024-10-18,10.5,4.76,3.89,6.61,5.74
2024-10-19,10.5,4.76,3.89,6.61,5.74
2024-10-20,10.5,4.76,3.89,6.61,5.74
2024-10-21,10.5,4.76,3.89,6.61,5.74
2024-10-22,10.5,4.76,3.89,6.61,5.74
2024-10-23,10.5,4.76,3.89,6.61,5.74
2024-10-24,10.5,4.76,3.89,6.61,5.74
2024-10-25,10.5,4.76,3.89,6.61,5.74
2024-10-26,10.5,4.76,3.89,6.61,5.74
2024-10-27,10.5,4.76,3.89,6.61,5.74
2024-10-28,10.5,4.76,3.89,6.61,5.74
2024-10-29,10.5,4.76,3.89,6.61,5.74
2024-10-30,10.5,4.76,3.89,6.61,5.74
2024-10-31,10.5,4.76,3.89,6.61,5.74
2024-11-01,10.5,4.55,3.88,6.62,5.95
2024-11-02,10.5,4.55,3.88,6.62,5.95
2024-11-03,10.5,4.55,3.88,6.62,5.95
2024-11-04,10.5,4.55,3.88,6.62,5.95
2024-11-05,10.5,4.55,3.88,6.62,5.95
2024-11-06,10.5,4.55,3.88,6.62,5.95
2024-11-07,10.5,4.55,3.88,6.62,5.95
2024-11-08,10.5,4.55,3.88,6.62,5.95
2024-11-09,10.5,4.55,3.88,6.62,5.95
2024-11-10,10.5,4.55,3.88,6.62,5.95
2024-11-11,10.5,4.55,3.88,6.62,5.95
2024-11-12,10.5,4.55,3.88,6.62,5.95
2024-11-13,10.5,4.55,3.88,6.62,5.95
2024-11-14,10.5,4.55,3.88,6.62,5.95
2024-11-15,10.25,4.55,3.88,6.37,5.7
2024-11-16,10.25,4.55,3.88,6.37,5.7
2024-11-17,10.25,4.55,3.88,6.37,5.7
2024-11-18,10.25,4.55,3.88,6.37,5.7
2024-11-19,10.25,4.55,3.88,6.37,5.7
2024-11-20,10.25,4.55,3.88,6.37,5.7
2024-11-21,10.25,4.55,3.88,6.37,5.7
2024-11-22,10.25,4.55,3.88,6.37,5.7
2024-11-23,10.25,4.55,3.88,6.37,5.7
2024-11-24,10.25,4.55,3.88,6.37,5.7
2024-11-25,10.25,4.55,3.88,6.37,5.7
2024-11-26,10.25,4.55,3.88,6.37,5.7
2024-11-27,10.25,4.55,3.88,6.37,5.7
2024-11-28,10.25,4.55,3.88,6.37,5.7
2024-11-29,10.25,4.55,3.88,6.37,5.7
2024-11-30,10.25,4.55,3.88,6.37,5.7
2024-12-01,10.25,4.55,3.88,6.37,5.7
2024-12-02,10.25,4.55,3.88,6.37,5.7
2024-12-03,10.25,4.55,3.88,6.37,5.7
2024-12-04,10.25,4.55,3.88,6.37,5.7
2024-12-05,10.25,4.55,3.88,6.37,5.7
2024-12-06,10.25,4.55,3.88,6.37,5.7
2024-12-07,10.25,4.55,3.88,6.37,5.7
2024-12-08,10.25,4.55,3.88,6.37,5.7
2024-12-09,10.25,4.55,3.88,6.37,5.7
2024-12-10,10.25,4.55,3.88,6.37,5.7
2024-12-11,10.25,4.55,3.88,6.37,5.7
2024-12-12,10.25,4.55,3.88,6.37,5.7
2024-12-13,10.25,4.55,3.88,6.37,5.7
2024-12-14,10.25,4.55,3.88,6.37,5.7
